Entity,Code,Day,75+_start,75-79_start,60-64_start,0-17_start,80+_start,65-69_start,70-74_start,18-24_start,65-74_start,45-54_start,50-54_start,55-59_start,50-59_start,35-44_start,18-29_start,70-79_start,25-49_start,25-34_start,60-69_start,30-39_start,40-49_start,55-64_start,12-17_start
Austria,AUT,2021-01-08,,,,,1.23,,,0.12,,,,,0.54,,,0.27,0.38,,0.32,,,,
Austria,AUT,2021-01-15,,,,,6.05,,,0.44,,,,,1.81,,,1.29,1.18,,1.3,,,,
Austria,AUT,2021-01-22,,,,,11.74,,,0.87,,,,,3.15,,,2.15,2.16,,2.11,,,,
Austria,AUT,2021-01-29,,,,,14.12,,,1.03,,,,,3.54,,,2.36,2.47,,2.38,,,,
Austria,AUT,2021-02-05,,,,,14.92,,,1.15,,,,,3.85,,,2.51,2.68,,2.57,,,,
Austria,AUT,2021-02-12,,,,,15.84,,,1.52,,,,,4.31,,,2.72,3.04,,2.83,,,,
Austria,AUT,2021-02-19,,,,,20.16,,,2,,,,,5.15,,,3.04,3.71,,3.34,,,,
Austria,AUT,2021-02-26,,,,,27.78,,,2.95,,,,,6.45,,,3.53,4.8,,4.2,,,,
Austria,AUT,2021-03-05,,,,,43.83,,,3.73,,,,,7.91,,,4.58,5.87,,5.33,,,,
Austria,AUT,2021-03-12,,,,,57.45,,,5.12,,,,,10.41,,,8.15,7.91,,8.12,,,,
Austria,AUT,2021-03-19,,,,,66.8,,,5.82,,,,,12.4,,,13.82,9.26,,10.99,,,,
Austria,AUT,2021-03-26,,,,,71.85,,,6.46,,,,,14.22,,,19.01,10.46,,13.38,,,,
Austria,AUT,2021-04-02,,,,,78.37,,,6.82,,,,,15.24,,,26.94,11.03,,15.02,,,,
Austria,AUT,2021-04-09,,,,,84.12,,,7.15,,,,,16.35,,,40.45,11.6,,19.75,,,,
Austria,AUT,2021-04-16,,,,,88.18,,,7.64,,,,,18.54,,,54.53,12.7,,27.7,,,,
Austria,AUT,2021-04-23,,,,,90.14,,,8.51,,,,,22.29,,,63.77,14.44,,37.47,,,,
Austria,AUT,2021-04-30,,,,,91.4,,,9.72,,,,,27.06,,,67.96,16.34,,48.94,,,,
Austria,AUT,2021-05-07,,,,,92.89,,,11.68,,,,,34.16,,,71.52,19.53,,57.67,,,,
Austria,AUT,2021-05-14,,,,,93.86,,,13.98,,,,,42.08,,,73.5,23.01,,64.1,,,,
Austria,AUT,2021-05-21,,,,,94.95,,,16.79,,,,,49.19,,,75.47,28.03,,70.69,,,,
Austria,AUT,2021-05-28,,,,,95.59,,,19.58,,,,,53.63,,,76.5,32.26,,73.85,,,,
Austria,AUT,2021-06-04,,,,,96.21,,,23.92,,,,,58.73,,,77.43,37.75,,76.32,,,,
Austria,AUT,2021-06-11,,,,,96.74,,,29.29,,,,,63.54,,,78.16,42.91,,77.81,,,,
Austria,AUT,2021-06-18,,,,,97.29,,,34.02,,,,,66.42,,,78.9,47.53,,79.17,,,,
Austria,AUT,2021-06-25,,,,,97.7,,,38.41,,,,,67.93,,,79.44,51.48,,80.09,,,,
Austria,AUT,2021-07-02,,,,,98.14,,,43.13,,,,,69.39,,,80.02,54.83,,81.03,,,,
Austria,AUT,2021-07-09,,,,,98.49,,,48.01,,,,,70.51,,,80.48,57.14,,81.82,,,,
Austria,AUT,2021-07-16,,,,,98.85,,,50.42,,,,,71.48,,,80.94,58.57,,82.55,,,,
Austria,AUT,2021-07-23,,,,,99.2,,,52.44,,,,,72.34,,,81.37,59.87,,83.2,,,,
Austria,AUT,2021-07-30,,,,,99.46,,,53.61,,,,,72.85,,,81.65,60.61,,83.62,,,,
Austria,AUT,2021-08-06,,,,,99.7,,,54.71,,,,,73.39,,,81.95,61.34,,84.05,,,,
Austria,AUT,2021-08-13,,,,,99.89,,,55.41,,,,,73.76,,,82.15,61.84,,84.34,,,,
Austria,AUT,2021-08-20,,,,,100.11,,,56.23,,,,,74.19,,,82.38,62.44,,84.67,,,,
Austria,AUT,2021-08-27,,,,,100.32,,,57.06,,,,,74.61,,,82.61,63.03,,85,,,,
Belgium,BEL,2021-01-08,,,,,2.3,,,0.04,,,,,0.16,,,0.37,0.11,,0.17,,,,
Belgium,BEL,2021-01-15,,,,,10.5,,,0.24,,,,,0.75,,,1.57,0.52,,0.71,,,,
Belgium,BEL,2021-01-22,,,,,15.14,,,0.99,,,,,2.04,,,2.6,1.63,,1.62,,,,
Belgium,BEL,2021-01-29,,,,,16.39,,,1.53,,,,,2.88,,,3.03,2.37,,2.16,,,,
Belgium,BEL,2021-02-05,,,,,17.03,,,1.82,,,,,3.48,,,3.26,2.91,,2.54,,,,
Belgium,BEL,2021-02-12,,,,,17.35,,,2.01,,,,,3.99,,,3.4,3.31,,2.84,,,,
Belgium,BEL,2021-02-19,,,,,17.49,,,2.46,,,,,4.72,,,3.54,4,,3.18,,,,
Belgium,BEL,2021-02-26,,,,,17.62,,,3.17,,,,,6.13,,,3.7,5.36,,3.64,,,,
Belgium,BEL,2021-03-05,,,,,18.73,,,4.38,,,,,8.1,,,4.35,7.26,,4.6,,,,
Belgium,BEL,2021-03-12,,,,,20.77,,,5.48,,,,,9.8,,,6.02,8.82,,6.28,,,,
Belgium,BEL,2021-03-19,,,,,33.94,,,6.45,,,,,11.26,,,11.29,9.82,,8.61,,,,
Belgium,BEL,2021-03-26,,,,,51.58,,,7,,,,,12.15,,,18.52,10.46,,10.45,,,,
Belgium,BEL,2021-04-02,,,,,73.67,,,7.37,,,,,12.86,,,26.46,10.98,,12.42,,,,
Belgium,BEL,2021-04-09,,,,,80.74,,,7.7,,,,,13.69,,,52.42,11.42,,17.39,,,,
Belgium,BEL,2021-04-16,,,,,83.16,,,8.18,,,,,15.26,,,77.74,11.83,,25.21,,,,
Belgium,BEL,2021-04-23,,,,,84.32,,,8.73,,,,,18.94,,,88.18,12.43,,40.56,,,,
Belgium,BEL,2021-04-30,,,,,85.38,,,9.34,,,,,23.85,,,89.95,13.29,,57.39,,,,
Belgium,BEL,2021-05-07,,,,,86.63,,,9.97,,,,,32.75,,,91.41,15.62,,75.17,,,,
Belgium,BEL,2021-05-14,,,,,87.3,,,10.64,,,,,41.07,,,92.27,18.62,,79.26,,,,
Belgium,BEL,2021-05-21,,,,,87.97,,,11.29,,,,,56.54,,,92.91,22.79,,82.1,,,,
Belgium,BEL,2021-05-28,,,,,88.32,,,12.21,,,,,60.36,,,93.22,26.79,,83.96,,,,
Belgium,BEL,2021-06-04,,,,,88.77,,,14.3,,,,,71.56,,,93.65,32.85,,89.02,,,,
Belgium,BEL,2021-06-11,,,,,89.11,,,17.31,,,,,83.13,,,93.99,40.95,,90.37,,,,
Belgium,BEL,2021-06-18,,,,,89.39,,,24.22,,,,,85.65,,,94.27,56.28,,90.92,,,,
Belgium,BEL,2021-06-25,,,,,89.59,,,37.73,,,,,86.42,,,94.47,67.74,,91.25,,,,
Belgium,BEL,2021-07-02,,,,,89.73,,,51.64,,,,,86.9,,,94.63,74.06,,91.5,,,,
Belgium,BEL,2021-07-09,,,,,89.9,,,61.48,,,,,87.26,,,94.85,75.38,,91.75,,,,
Belgium,BEL,2021-07-16,,,,,90.15,,,67.54,,,,,87.71,,,95.13,76.42,,92.07,,,,
Belgium,BEL,2021-07-23,,,,,90.32,,,69.57,,,,,88.07,,,95.32,77.07,,92.32,,,,
Belgium,BEL,2021-07-30,,,,,90.44,,,70.82,,,,,88.39,,,95.47,77.67,,92.53,,,,
Belgium,BEL,2021-08-06,,,,,90.55,,,71.99,,,,,88.71,,,95.61,78.31,,92.74,,,,
Belgium,BEL,2021-08-13,,,,,90.64,,,72.92,,,,,88.98,,,95.72,78.87,,92.89,,,,
Belgium,BEL,2021-08-20,,,,,90.7,,,73.67,,,,,89.16,,,95.8,79.35,,92.99,,,,
Belgium,BEL,2021-08-27,,,,,90.72,,,74.01,,,,,89.22,,,95.82,79.56,,93.03,,,,
Bulgaria,BGR,2021-01-08,,,,,0.04,,,0.04,,,,,0.46,,,0.12,0.18,,0.39,,,,
Bulgaria,BGR,2021-01-15,,,,,0.06,,,0.05,,,,,0.62,,,0.17,0.24,,0.53,,,,
Bulgaria,BGR,2021-01-22,,,,,0.07,,,0.06,,,,,0.72,,,0.2,0.29,,0.63,,,,
Bulgaria,BGR,2021-01-29,,,,,0.12,,,0.07,,,,,0.91,,,0.29,0.37,,0.82,,,,
Bulgaria,BGR,2021-02-05,,,,,0.31,,,0.1,,,,,1.29,,,0.42,0.51,,1.13,,,,
Bulgaria,BGR,2021-02-12,,,,,0.41,,,0.13,,,,,1.8,,,0.52,0.75,,1.47,,,,
Bulgaria,BGR,2021-02-19,,,,,0.71,,,0.32,,,,,2.88,,,0.95,1.37,,2.29,,,,
Bulgaria,BGR,2021-02-26,,,,,2.07,,,0.71,,,,,4.57,,,3.4,2.28,,4.52,,,,
Bulgaria,BGR,2021-03-05,,,,,3.29,,,0.96,,,,,5.73,,,5.64,2.86,,6.38,,,,
Bulgaria,BGR,2021-03-12,,,,,4.14,,,1.15,,,,,6.5,,,7.04,3.28,,7.53,,,,
Bulgaria,BGR,2021-03-19,,,,,4.31,,,1.26,,,,,6.92,,,7.31,3.56,,7.9,,,,
Bulgaria,BGR,2021-03-26,,,,,5.08,,,1.58,,,,,7.93,,,8.6,4.25,,9.11,,,,
Bulgaria,BGR,2021-04-02,,,,,5.99,,,1.94,,,,,9,,,10,5,,10.38,,,,
Bulgaria,BGR,2021-04-09,,,,,7.24,,,2.23,,,,,9.94,,,11.91,5.6,,11.9,,,,
Bulgaria,BGR,2021-04-16,,,,,8.3,,,2.48,,,,,10.8,,,13.56,6.16,,13.25,,,,
Bulgaria,BGR,2021-04-23,,,,,9.21,,,2.76,,,,,11.67,,,15.02,6.78,,14.49,,,,
Bulgaria,BGR,2021-04-30,,,,,10.07,,,3.14,,,,,12.56,,,16.33,7.43,,15.68,,,,
Bulgaria,BGR,2021-05-07,,,,,10.62,,,3.58,,,,,13.23,,,17.22,7.98,,16.53,,,,
Bulgaria,BGR,2021-05-14,,,,,11.7,,,4.04,,,,,14.19,,,18.85,8.69,,17.87,,,,
Bulgaria,BGR,2021-05-21,,,,,12.92,,,4.48,,,,,15.14,,,20.64,9.37,,19.31,,,,
Bulgaria,BGR,2021-05-28,,,,,13.82,,,4.82,,,,,15.83,,,21.89,9.86,,20.35,,,,
Bulgaria,BGR,2021-06-04,,,,,14.6,,,5.21,,,,,16.5,,,22.99,10.37,,21.25,,,,
Bulgaria,BGR,2021-06-11,,,,,15.33,,,5.62,,,,,17.16,,,24.01,10.88,,22.12,,,,
Bulgaria,BGR,2021-06-18,,,,,15.88,,,6.02,,,,,17.78,,,24.8,11.35,,22.84,,,,
Bulgaria,BGR,2021-06-25,,,,,16.37,,,6.35,,,,,18.34,,,25.53,11.75,,23.5,,,,
Bulgaria,BGR,2021-07-02,,,,,16.79,,,6.7,,,,,18.88,,,26.17,12.17,,24.13,,,,
Bulgaria,BGR,2021-07-09,,,,,17.26,,,7.15,,,,,19.54,,,26.88,12.66,,24.84,,,,
Bulgaria,BGR,2021-07-16,,,,,17.67,,,7.59,,,,,20.2,,,27.52,13.21,,25.49,,,,
Bulgaria,BGR,2021-07-23,,,,,18.05,,,8.05,,,,,20.86,,,28.11,13.75,,26.09,,,,
Bulgaria,BGR,2021-07-30,,,,,18.46,,,8.55,,,,,21.58,,,28.74,14.37,,26.77,,,,
Bulgaria,BGR,2021-08-06,,,,,18.88,,,9.09,,,,,22.34,,,29.4,15.02,,27.5,,,,
Bulgaria,BGR,2021-08-13,,,,,19.28,,,9.6,,,,,23.08,,,30.02,15.68,,28.16,,,,
Bulgaria,BGR,2021-08-20,,,,,19.67,,,10.17,,,,,23.81,,,30.61,16.38,,28.81,,,,
Croatia,HRV,2021-01-01,,,,,0.39,,,0,,,,,0.04,,,0.09,0.03,,0.03,,,,
Croatia,HRV,2021-01-08,,,,,3.25,,,0.17,,,,,1.05,,,0.97,0.73,,0.73,,,,
Croatia,HRV,2021-01-15,,,,,4.27,,,0.28,,,,,1.81,,,1.52,1.2,,1.26,,,,
Croatia,HRV,2021-01-22,,,,,5.06,,,0.35,,,,,2.29,,,1.95,1.5,,1.66,,,,
Croatia,HRV,2021-01-29,,,,,5.18,,,0.36,,,,,2.35,,,2.02,1.54,,1.72,,,,
Croatia,HRV,2021-02-05,,,,,5.33,,,0.38,,,,,2.43,,,2.15,1.58,,1.81,,,,
Croatia,HRV,2021-02-12,,,,,6.38,,,0.43,,,,,2.8,,,3.05,1.77,,2.37,,,,
Croatia,HRV,2021-02-19,,,,,11.33,,,0.56,,,,,3.54,,,5.41,2.16,,3.5,,,,
Croatia,HRV,2021-02-26,,,,,21.49,,,0.66,,,,,4.24,,,10.48,2.49,,5.26,,,,
Croatia,HRV,2021-03-05,,,,,27.63,,,0.73,,,,,4.85,,,16.31,2.75,,7.12,,,,
Croatia,HRV,2021-03-12,,,,,31.84,,,0.94,,,,,5.56,,,22.22,3.03,,9.35,,,,
Croatia,HRV,2021-03-19,,,,,34.47,,,1.04,,,,,6.42,,,28.04,3.36,,12.11,,,,
Croatia,HRV,2021-03-26,,,,,36.75,,,1.17,,,,,7.38,,,33.38,3.72,,15.2,,,,
Croatia,HRV,2021-04-02,,,,,38.84,,,1.34,,,,,8.41,,,38.47,4.08,,18.68,,,,
Croatia,HRV,2021-04-09,,,,,40.23,,,1.46,,,,,9.86,,,42.31,4.56,,22.56,,,,
Croatia,HRV,2021-04-16,,,,,41.97,,,1.75,,,,,12.19,,,46.5,5.48,,28.01,,,,
Croatia,HRV,2021-04-23,,,,,43.75,,,2.32,,,,,14.37,,,50.69,6.41,,32.5,,,,
Croatia,HRV,2021-04-30,,,,,45.37,,,2.76,,,,,17.64,,,54.09,8.05,,37.05,,,,
Croatia,HRV,2021-05-07,,,,,47.76,,,4.05,,,,,25.38,,,58.93,12.44,,45.14,,,,
Croatia,HRV,2021-05-14,,,,,49.83,,,6.42,,,,,32.87,,,62.52,18.11,,51.18,,,,
Croatia,HRV,2021-05-21,,,,,51.26,,,9.25,,,,,38.87,,,65.02,23.12,,55.38,,,,
Croatia,HRV,2021-05-28,,,,,52.29,,,11.76,,,,,42.43,,,66.78,26.55,,58.07,,,,
Croatia,HRV,2021-06-04,,,,,52.91,,,13.51,,,,,44.36,,,67.79,28.63,,59.56,,,,
Croatia,HRV,2021-06-11,,,,,53.54,,,16.06,,,,,46.25,,,68.76,30.58,,61.03,,,,
Croatia,HRV,2021-06-18,,,,,53.93,,,17.11,,,,,47.36,,,69.4,31.64,,61.91,,,,
Croatia,HRV,2021-06-25,,,,,54.18,,,17.85,,,,,48.09,,,69.81,32.33,,62.48,,,,
Croatia,HRV,2021-07-02,,,,,54.58,,,18.92,,,,,49.19,,,70.46,33.35,,63.39,,,,
Croatia,HRV,2021-07-09,,,,,55.04,,,20.45,,,,,50.59,,,71.16,34.73,,64.47,,,,
Croatia,HRV,2021-07-16,,,,,55.4,,,21.74,,,,,51.7,,,71.7,35.88,,65.27,,,,
Croatia,HRV,2021-07-23,,,,,55.75,,,22.87,,,,,52.64,,,72.17,36.87,,65.96,,,,
Croatia,HRV,2021-07-30,,,,,56.04,,,23.84,,,,,53.39,,,72.52,37.71,,66.49,,,,
Croatia,HRV,2021-08-06,,,,,56.21,,,24.41,,,,,53.81,,,72.74,38.21,,66.82,,,,
Croatia,HRV,2021-08-13,,,,,56.36,,,24.95,,,,,54.22,,,72.94,38.71,,67.14,,,,
Croatia,HRV,2021-08-20,,,,,56.52,,,25.54,,,,,54.72,,,73.18,39.26,,67.5,,,,
Croatia,HRV,2021-08-27,,,,,56.54,,,25.62,,,,,54.77,,,73.21,39.34,,67.54,,,,
Cyprus,CYP,2021-01-01,,,,,0.65,,,0.01,,,,,0.02,,,0.04,0.02,,0.04,,,,
Cyprus,CYP,2021-01-08,,,,,5.74,,,0.07,,,,,0.85,,,0.73,0.59,,0.79,,,,
Cyprus,CYP,2021-01-15,,,,,14.6,,,0.09,,,,,1.16,,,0.92,0.8,,1.1,,,,
Cyprus,CYP,2021-01-22,,,,,26.7,,,0.13,,,,,1.34,,,1.12,0.89,,1.26,,,,
Cyprus,CYP,2021-01-29,,,,,38.69,,,0.15,,,,,1.41,,,1.27,0.94,,1.33,,,,
Cyprus,CYP,2021-02-05,,,,,46.98,,,0.16,,,,,1.53,,,1.55,1.01,,1.44,,,,
Cyprus,CYP,2021-02-12,,,,,61.21,,,0.19,,,,,1.81,,,2.64,1.17,,1.75,,,,
Cyprus,CYP,2021-02-19,,,,,71.2,,,0.36,,,,,2.12,,,9.83,1.41,,2.11,,,,
Cyprus,CYP,2021-02-26,,,,,74.96,,,0.46,,,,,2.28,,,31.13,1.53,,2.32,,,,
Cyprus,CYP,2021-03-05,,,,,77.58,,,0.52,,,,,2.52,,,49.35,1.73,,3.27,,,,
Cyprus,CYP,2021-03-12,,,,,81.03,,,0.63,,,,,2.75,,,68.6,1.89,,9.31,,,,
Cyprus,CYP,2021-03-19,,,,,81.58,,,0.64,,,,,2.81,,,70.59,1.92,,11.22,,,,
Cyprus,CYP,2021-03-26,,,,,83.49,,,0.66,,,,,2.96,,,76.1,2.02,,19.04,,,,
Cyprus,CYP,2021-04-02,,,,,84.2,,,0.8,,,,,4.36,,,77.2,2.51,,23.13,,,,
Cyprus,CYP,2021-04-09,,,,,85.84,,,0.95,,,,,5.8,,,80.04,2.98,,36.53,,,,
Cyprus,CYP,2021-04-16,,,,,86.27,,,1,,,,,15.47,,,80.61,3.16,,44.93,,,,
Cyprus,CYP,2021-04-23,,,,,86.51,,,1.07,,,,,31.37,,,80.83,4.33,,52.84,,,,
Cyprus,CYP,2021-04-30,,,,,86.67,,,1.18,,,,,40.22,,,80.96,13.61,,55.85,,,,
Cyprus,CYP,2021-05-07,,,,,86.96,,,1.29,,,,,48.66,,,82.75,22.76,,64.29,,,,
Cyprus,CYP,2021-05-14,,,,,87.78,,,1.82,,,,,53,,,83.84,35.92,,68.83,,,,
Cyprus,CYP,2021-05-21,,,,,88.23,,,8.93,,,,,58.29,,,84.48,40.26,,72.55,,,,
Cyprus,CYP,2021-05-28,,,,,88.38,,,17.32,,,,,63.48,,,84.74,42.15,,76.06,,,,
Cyprus,CYP,2021-06-04,,,,,89.99,,,20.31,,,,,64.21,,,87.65,45.23,,76.38,,,,
Cyprus,CYP,2021-06-11,,,,,91.49,,,21.71,,,,,64.8,,,90.15,50.92,,76.98,,,,
Cyprus,CYP,2021-06-18,,,,,92.29,,,28.37,,,,,70.48,,,91.25,54.45,,80.72,,,,
Cyprus,CYP,2021-06-25,,,,,92.65,,,29.92,,,,,71.65,,,91.72,56.02,,81.64,,,,
Cyprus,CYP,2021-07-02,,,,,93.07,,,31.91,,,,,72.78,,,92.22,57.72,,82.57,,,,
Cyprus,CYP,2021-07-09,,,,,93.33,,,34.3,,,,,73.96,,,92.57,59.57,,83.26,,,,
Cyprus,CYP,2021-07-16,,,,,93.98,,,38.92,,,,,76.3,,,93.3,63.06,,84.66,,,,
Cyprus,CYP,2021-07-23,,,,,94.63,,,43.05,,,,,78.08,,,94.03,66.07,,85.71,,,,
Cyprus,CYP,2021-07-30,,,,,95.22,,,46.96,,,,,79.22,,,94.6,68.53,,86.46,,,,
Cyprus,CYP,2021-08-06,,,,,95.68,,,50.3,,,,,80.23,,,95.11,70.71,,87.12,,,,
Cyprus,CYP,2021-08-13,,,,,95.95,,,52.2,,,,,80.91,,,95.4,71.87,,87.55,,,,
Cyprus,CYP,2021-08-20,,,,,96.19,,,53.86,,,,,81.53,,,95.7,72.96,,87.97,,,,
Cyprus,CYP,2021-08-27,,,,,96.33,,,54.47,,,,,81.82,,,95.83,73.35,,88.14,,,,
Czechia,CZE,2021-01-01,,,,,0.01,,,0.01,,,,,0.02,,,0.01,0.02,,0.01,,,,
Czechia,CZE,2021-01-08,,,,,0.55,,,0.22,,,,,0.81,,,0.25,0.67,,0.49,,,,
Czechia,CZE,2021-01-15,,,,,3.21,,,0.53,,,,,1.85,,,0.82,1.42,,1.17,,,,
Czechia,CZE,2021-01-22,,,,,11.83,,,0.69,,,,,2.51,,,1.3,1.81,,1.65,,,,
Czechia,CZE,2021-01-29,,,,,18.04,,,0.79,,,,,2.8,,,1.51,1.99,,1.87,,,,
Czechia,CZE,2021-02-05,,,,,21.6,,,0.83,,,,,2.94,,,1.65,2.08,,1.99,,,,
Czechia,CZE,2021-02-12,,,,,25.55,,,0.9,,,,,3.15,,,1.86,2.22,,2.14,,,,
Czechia,CZE,2021-02-19,,,,,32.82,,,1.01,,,,,3.47,,,2.19,2.43,,2.39,,,,
Czechia,CZE,2021-02-26,,,,,42.52,,,1.19,,,,,3.99,,,2.77,2.78,,2.81,,,,
Czechia,CZE,2021-03-05,,,,,51.71,,,1.44,,,,,5.65,,,7.68,3.52,,4.28,,,,
Czechia,CZE,2021-03-12,,,,,58.44,,,1.83,,,,,7.27,,,19.27,4.33,,5.52,,,,
Czechia,CZE,2021-03-19,,,,,62.47,,,2.21,,,,,8.68,,,30.95,5.04,,6.57,,,,
Czechia,CZE,2021-03-26,,,,,65.25,,,2.5,,,,,9.62,,,38.89,5.6,,7.6,,,,
Czechia,CZE,2021-04-02,,,,,67.45,,,2.7,,,,,10.37,,,44.06,6.03,,8.72,,,,
Czechia,CZE,2021-04-09,,,,,69.92,,,2.95,,,,,11.37,,,51.42,6.59,,10.38,,,,
Czechia,CZE,2021-04-16,,,,,72.12,,,3.34,,,,,13.12,,,61.76,7.56,,14.6,,,,
Czechia,CZE,2021-04-23,,,,,73.65,,,3.85,,,,,15.12,,,67.7,8.67,,24.35,,,,
Czechia,CZE,2021-04-30,,,,,74.97,,,4.3,,,,,17.91,,,71.83,9.55,,39.44,,,,
Czechia,CZE,2021-05-07,,,,,76.38,,,4.85,,,,,29.7,,,75.34,10.8,,51.84,,,,
Czechia,CZE,2021-05-14,,,,,77.65,,,5.47,,,,,45.13,,,78.03,13.66,,58.91,,,,
Czechia,CZE,2021-05-21,,,,,78.58,,,6.06,,,,,52.93,,,79.86,19.73,,62.82,,,,
Czechia,CZE,2021-05-28,,,,,79.3,,,6.69,,,,,56.99,,,81.21,25.69,,65.31,,,,
Czechia,CZE,2021-06-04,,,,,79.95,,,8.17,,,,,59.92,,,82.4,32.54,,67.32,,,,
Czechia,CZE,2021-06-11,,,,,80.58,,,13.78,,,,,62.14,,,83.42,38.68,,68.92,,,,
Czechia,CZE,2021-06-18,,,,,81,,,21.59,,,,,63.48,,,84.11,42.49,,69.96,,,,
Czechia,CZE,2021-06-25,,,,,81.33,,,28.79,,,,,64.48,,,84.63,44.97,,70.71,,,,
Czechia,CZE,2021-07-02,,,,,81.6,,,34.25,,,,,65.39,,,85.1,46.78,,71.41,,,,
Czechia,CZE,2021-07-09,,,,,81.76,,,37.4,,,,,66.13,,,85.44,48.08,,71.93,,,,
Czechia,CZE,2021-07-16,,,,,82.02,,,41.05,,,,,67.23,,,85.94,49.83,,72.72,,,,
Czechia,CZE,2021-07-23,,,,,82.28,,,43.78,,,,,68.19,,,86.37,51.16,,73.37,,,,
Czechia,CZE,2021-07-30,,,,,82.54,,,46.52,,,,,69.1,,,86.79,52.46,,73.96,,,,
Czechia,CZE,2021-08-06,,,,,82.74,,,48.51,,,,,69.77,,,87.11,53.42,,74.42,,,,
Czechia,CZE,2021-08-13,,,,,82.91,,,49.78,,,,,70.23,,,87.34,54.06,,74.73,,,,
Czechia,CZE,2021-08-20,,,,,83.05,,,50.92,,,,,70.67,,,87.53,54.63,,75.01,,,,
Czechia,CZE,2021-08-27,,,,,83.12,,,51.52,,,,,70.88,,,87.65,54.91,,75.16,,,,
Denmark,DNK,2021-01-08,,,,,10.48,,,0.54,,,,,2.59,,,2.01,1.84,,2.36,,,,
Denmark,DNK,2021-01-15,,,,,15.85,,,0.78,,,,,3.56,,,3.6,2.62,,3.53,,,,
Denmark,DNK,2021-01-22,,,,,17.07,,,0.85,,,,,3.75,,,3.96,2.77,,3.78,,,,
Denmark,DNK,2021-01-29,,,,,17.33,,,0.9,,,,,3.87,,,4.07,2.85,,3.89,,,,
Denmark,DNK,2021-02-05,,,,,19.29,,,0.94,,,,,3.97,,,4.35,2.93,,4.02,,,,
Denmark,DNK,2021-02-12,,,,,26.02,,,1.27,,,,,4.66,,,4.58,3.48,,4.51,,,,
Denmark,DNK,2021-02-19,,,,,43.18,,,1.77,,,,,5.76,,,5.61,4.27,,5.46,,,,
Denmark,DNK,2021-02-26,,,,,51.4,,,2.68,,,,,8.2,,,8.31,5.92,,8.19,,,,
Denmark,DNK,2021-03-05,,,,,55.86,,,3.8,,,,,10.63,,,11.88,7.74,,11.17,,,,
Denmark,DNK,2021-03-12,,,,,58.34,,,4.31,,,,,11.63,,,13.29,8.48,,12.34,,,,
Denmark,DNK,2021-03-19,,,,,67.24,,,4.55,,,,,12.25,,,14.73,8.84,,13.27,,,,
Denmark,DNK,2021-03-26,,,,,78.6,,,4.7,,,,,12.67,,,16.7,9.1,,13.96,,,,
Denmark,DNK,2021-04-02,,,,,88.75,,,4.85,,,,,13.26,,,24.13,9.38,,14.88,,,,
Denmark,DNK,2021-04-09,,,,,94.43,,,4.98,,,,,13.62,,,38.39,9.59,,15.5,,,,
Denmark,DNK,2021-04-16,,,,,97.1,,,5.09,,,,,13.95,,,67.17,9.77,,17.69,,,,
Denmark,DNK,2021-04-23,,,,,97.97,,,5.2,,,,,14.27,,,85.16,9.96,,23.75,,,,
Denmark,DNK,2021-04-30,,,,,98.74,,,5.3,,,,,14.6,,,93.68,10.14,,37.21,,,,
Denmark,DNK,2021-05-07,,,,,99.21,,,5.42,,,,,15.13,,,95.77,10.37,,54.85,,,,
Denmark,DNK,2021-05-14,,,,,99.58,,,5.54,,,,,19.28,,,97.08,10.57,,71.87,,,,
Denmark,DNK,2021-05-21,,,,,99.87,,,5.7,,,,,34.11,,,97.86,10.85,,83.8,,,,
Denmark,DNK,2021-05-28,,,,,100.12,,,6.05,,,,,57.15,,,98.36,11.97,,91.08,,,,
Denmark,DNK,2021-06-04,,,,,100.29,,,8.8,,,,,74.57,,,98.72,16,,93.8,,,,
Denmark,DNK,2021-06-11,,,,,100.43,,,20.19,,,,,86.06,,,98.96,24.11,,94.79,,,,
Denmark,DNK,2021-06-18,,,,,100.54,,,36.28,,,,,89.59,,,99.15,32.84,,95.32,,,,
Denmark,DNK,2021-06-25,,,,,100.62,,,49.6,,,,,90.92,,,99.26,39.91,,95.64,,,,
Denmark,DNK,2021-07-02,,,,,100.68,,,58.46,,,,,91.62,,,99.35,45.54,,95.87,,,,
Denmark,DNK,2021-07-09,,,,,100.74,,,66.9,,,,,92.28,,,99.45,57.14,,96.14,,,,
Denmark,DNK,2021-07-16,,,,,100.8,,,70.81,,,,,92.65,,,99.53,67.25,,96.31,,,,
Denmark,DNK,2021-07-23,,,,,100.84,,,73.67,,,,,93.02,,,99.59,73.41,,96.47,,,,
Denmark,DNK,2021-07-30,,,,,100.88,,,75.17,,,,,93.28,,,99.65,77.05,,96.59,,,,
Denmark,DNK,2021-08-06,,,,,100.91,,,76.14,,,,,93.48,,,99.69,78.88,,96.68,,,,
Denmark,DNK,2021-08-13,,,,,100.94,,,76.96,,,,,93.66,,,99.72,80.1,,96.76,,,,
Denmark,DNK,2021-08-20,,,,,100.97,,,77.76,,,,,93.84,,,99.77,81.16,,96.85,,,,
Estonia,EST,2021-01-01,,,,,0,,,0.01,,,,,0.03,,,0,0.02,,0.02,,,,
Estonia,EST,2021-01-08,,,,,0.22,,,0.6,,,,,1.51,,,0.53,1.08,,1.27,,,,
Estonia,EST,2021-01-15,,,,,1.59,,,0.93,,,,,2.34,,,1.15,1.57,,2.12,,,,
Estonia,EST,2021-01-22,,,,,3.57,,,1.08,,,,,2.87,,,1.78,1.84,,2.69,,,,
Estonia,EST,2021-01-29,,,,,4.68,,,1.26,,,,,3.41,,,2.27,2.13,,3.17,,,,
Estonia,EST,2021-02-05,,,,,7.48,,,1.52,,,,,4.09,,,3.31,2.54,,3.79,,,,
Estonia,EST,2021-02-12,,,,,14.44,,,1.9,,,,,4.54,,,4.91,2.8,,4.28,,,,
Estonia,EST,2021-02-19,,,,,19.82,,,2.22,,,,,6.19,,,7.15,3.64,,5.88,,,,
Estonia,EST,2021-02-26,,,,,23.16,,,2.88,,,,,8.15,,,8.03,4.92,,7.67,,,,
Estonia,EST,2021-03-05,,,,,27.11,,,3.93,,,,,11.07,,,9.57,6.42,,11.32,,,,
Estonia,EST,2021-03-12,,,,,32.31,,,4.7,,,,,14.14,,,16.91,7.93,,18.04,,,,
Estonia,EST,2021-03-19,,,,,36.46,,,5.73,,,,,16.66,,,24.19,9.34,,21.59,,,,
Estonia,EST,2021-03-26,,,,,41.82,,,6.16,,,,,18.39,,,33.02,10.18,,25.04,,,,
Estonia,EST,2021-04-02,,,,,45.73,,,6.66,,,,,21.39,,,40.99,11.23,,31.17,,,,
Estonia,EST,2021-04-09,,,,,50.76,,,7.02,,,,,23.72,,,51.32,12.07,,36.66,,,,
Estonia,EST,2021-04-16,,,,,53.86,,,7.39,,,,,26.3,,,59.08,12.99,,42.09,,,,
Estonia,EST,2021-04-23,,,,,55.58,,,7.91,,,,,29.21,,,62.81,14.08,,46.64,,,,
Estonia,EST,2021-04-30,,,,,57.27,,,8.85,,,,,33.75,,,65.61,15.79,,50.9,,,,
Estonia,EST,2021-05-07,,,,,58.37,,,10.02,,,,,41.61,,,67.33,18.01,,54.63,,,,
Estonia,EST,2021-05-14,,,,,59.35,,,11.19,,,,,46.77,,,68.29,20.69,,56.87,,,,
Estonia,EST,2021-05-21,,,,,60.04,,,12.97,,,,,49.16,,,68.87,26.63,,58,,,,
Estonia,EST,2021-05-28,,,,,60.69,,,19.95,,,,,50.57,,,69.44,31.09,,58.83,,,,
Estonia,EST,2021-06-04,,,,,61.18,,,25.53,,,,,52.02,,,69.95,35.13,,59.71,,,,
Estonia,EST,2021-06-11,,,,,61.61,,,29.95,,,,,53.33,,,70.39,38.12,,60.55,,,,
Estonia,EST,2021-06-18,,,,,61.96,,,33.34,,,,,54.71,,,70.81,40.59,,61.37,,,,
Estonia,EST,2021-06-25,,,,,62.08,,,34.66,,,,,55.26,,,70.93,41.59,,61.68,,,,
Estonia,EST,2021-07-02,,,,,62.34,,,36.41,,,,,56.25,,,71.26,42.99,,62.36,,,,
Estonia,EST,2021-07-09,,,,,62.65,,,38.3,,,,,57.46,,,71.68,44.6,,63.19,,,,
Estonia,EST,2021-07-16,,,,,62.92,,,40.24,,,,,58.71,,,72.05,46.19,,63.94,,,,
Estonia,EST,2021-07-23,,,,,63.34,,,43.62,,,,,60.27,,,72.68,48.23,,65.06,,,,
Estonia,EST,2021-07-30,,,,,63.68,,,46.14,,,,,61.71,,,73.19,50.08,,66.06,,,,
Estonia,EST,2021-08-06,,,,,64.21,,,49.61,,,,,63.55,,,73.84,52.64,,67.25,,,,
Estonia,EST,2021-08-13,,,,,64.81,,,52.98,,,,,65.29,,,74.62,55.01,,68.58,,,,
Estonia,EST,2021-08-20,,,,,65.22,,,55.41,,,,,66.58,,,75.1,56.64,,69.48,,,,
Estonia,EST,2021-08-27,,,,,65.39,,,56.55,,,,,67.05,,,75.3,57.35,,69.85,,,,
Finland,FIN,2021-01-01,,,,,0,,,0,,,,,0,,,0,0,,0,,,,
Finland,FIN,2021-01-08,,,,,0.34,,,0.17,,,,,0.65,,,0.08,0.71,,0.29,,,,
Finland,FIN,2021-01-15,,,,,2.79,,,0.48,,,,,1.79,,,0.5,1.67,,0.9,,,,
Finland,FIN,2021-01-22,,,,,8.22,,,0.91,,,,,2.98,,,1.39,2.52,,1.67,,,,
Finland,FIN,2021-01-29,,,,,14.17,,,1.22,,,,,3.69,,,2.15,3.01,,2.17,,,,
Finland,FIN,2021-02-05,,,,,18.1,,,1.35,,,,,3.99,,,2.49,3.23,,2.4,,,,
Finland,FIN,2021-02-12,,,,,26.09,,,1.46,,,,,4.3,,,3.26,3.44,,2.91,,,,
Finland,FIN,2021-02-19,,,,,40.58,,,1.64,,,,,4.94,,,4.89,3.77,,4.65,,,,
Finland,FIN,2021-02-26,,,,,55.2,,,1.77,,,,,5.96,,,7.39,4.07,,7.61,,,,
Finland,FIN,2021-03-05,,,,,68.4,,,1.93,,,,,7.49,,,12.18,4.39,,11.1,,,,
Finland,FIN,2021-03-12,,,,,78.32,,,2.11,,,,,9.5,,,20.25,4.91,,14.25,,,,
Finland,FIN,2021-03-19,,,,,83.71,,,2.3,,,,,11.08,,,32.67,5.39,,16.91,,,,
Finland,FIN,2021-03-26,,,,,86.72,,,2.34,,,,,11.34,,,48.61,5.49,,17.84,,,,
Finland,FIN,2021-04-02,,,,,88.38,,,2.47,,,,,11.84,,,66.62,5.74,,20.24,,,,
Finland,FIN,2021-04-09,,,,,89.45,,,2.85,,,,,13.61,,,82.13,6.6,,26.83,,,,
Finland,FIN,2021-04-16,,,,,90.48,,,3.76,,,,,17.39,,,90.26,8.49,,39.53,,,,
Finland,FIN,2021-04-23,,,,,91.08,,,4.75,,,,,23.07,,,92.76,10.47,,52.87,,,,
Finland,FIN,2021-04-30,,,,,91.4,,,5.88,,,,,32.63,,,93.84,12.27,,64.55,,,,
Finland,FIN,2021-05-07,,,,,91.76,,,6.72,,,,,46.47,,,94.58,14.11,,73.47,,,,
Finland,FIN,2021-05-14,,,,,92.14,,,7.33,,,,,57.21,,,95.11,16.83,,78.03,,,,
Finland,FIN,2021-05-21,,,,,92.84,,,7.92,,,,,66.6,,,95.57,21.48,,81.5,,,,
Finland,FIN,2021-05-28,,,,,93.23,,,8.48,,,,,72.78,,,95.98,27.2,,83.44,,,,
Finland,FIN,2021-06-04,,,,,93.58,,,9.4,,,,,76.76,,,96.44,34.75,,84.81,,,,
Finland,FIN,2021-06-11,,,,,93.79,,,11.65,,,,,79.45,,,96.84,45,,85.93,,,,
Finland,FIN,2021-06-18,,,,,93.94,,,17.33,,,,,80.88,,,97.19,55.33,,86.61,,,,
Finland,FIN,2021-06-25,,,,,94.03,,,24.65,,,,,81.52,,,97.44,60.43,,86.97,,,,
Finland,FIN,2021-07-02,,,,,94.14,,,36.92,,,,,82.26,,,97.87,64.68,,87.47,,,,
Finland,FIN,2021-07-09,,,,,94.26,,,45.56,,,,,82.94,,,98.26,67.22,,88.02,,,,
Finland,FIN,2021-07-16,,,,,94.35,,,51.83,,,,,83.58,,,98.44,69.26,,88.61,,,,
Finland,FIN,2021-07-23,,,,,94.44,,,56.54,,,,,84.27,,,98.61,70.89,,89.06,,,,
Finland,FIN,2021-07-30,,,,,94.53,,,60.59,,,,,85.03,,,98.78,72.59,,89.54,,,,
Finland,FIN,2021-08-06,,,,,94.63,,,64.18,,,,,85.78,,,98.98,74.37,,90.02,,,,
Finland,FIN,2021-08-13,,,,,94.72,,,66.83,,,,,86.34,,,99.14,75.85,,90.37,,,,
Finland,FIN,2021-08-20,,,,,94.8,,,68.73,,,,,86.77,,,99.27,77,,90.65,,,,
Finland,FIN,2021-08-27,,,,,94.83,,,69.27,,,,,86.9,,,99.31,77.32,,90.72,,,,
France,FRA,2021-01-08,,,,,0.41,,,0.01,,,,,0.44,,,0.16,0.07,,0.28,,,,
France,FRA,2021-01-15,,,,,2.07,,,0.06,,,,,1.74,,,0.84,0.36,,1.03,,,,
France,FRA,2021-01-22,,,,,8.92,,,0.12,,,,,2.72,,,4.07,0.67,,1.74,,,,
France,FRA,2021-01-29,,,,,14.84,,,0.17,,,,,3.23,,,6.94,0.85,,2.22,,,,
France,FRA,2021-02-05,,,,,18.96,,,0.2,,,,,3.52,,,9.09,0.97,,2.54,,,,
France,FRA,2021-02-12,,,,,22.32,,,0.31,,,,,3.86,,,10.98,1.27,,2.9,,,,
France,FRA,2021-02-19,,,,,24.52,,,0.46,,,,,4.19,,,12.21,1.6,,3.22,,,,
France,FRA,2021-02-26,,,,,26.88,,,0.64,,,,,5.13,,,13.64,1.93,,4.18,,,,
France,FRA,2021-03-05,,,,,32.12,,,0.89,,,,,7.09,,,18.08,2.42,,6.83,,,,
France,FRA,2021-03-12,,,,,38.57,,,1.19,,,,,9.17,,,24.86,3.05,,10.54,,,,
France,FRA,2021-03-19,,,,,45.98,,,1.35,,,,,10.23,,,31.45,3.45,,12.91,,,,
France,FRA,2021-03-26,,,,,53.5,,,1.62,,,,,12.35,,,41.38,4.08,,18.1,,,,
France,FRA,2021-04-02,,,,,58.78,,,2.05,,,,,14.52,,,50.84,4.97,,22.7,,,,
France,FRA,2021-04-09,,,,,63.02,,,2.54,,,,,17.03,,,59.92,5.92,,27.77,,,,
France,FRA,2021-04-16,,,,,66.79,,,3.03,,,,,20.6,,,67.58,6.91,,35.33,,,,
France,FRA,2021-04-23,,,,,69.26,,,3.45,,,,,24.16,,,72.25,7.82,,43.5,,,,
France,FRA,2021-04-30,,,,,71.63,,,4.01,,,,,28.73,,,76.58,9.2,,52.43,,,,
France,FRA,2021-05-07,,,,,73.51,,,5.21,,,,,34.44,,,79.83,12.27,,59.31,,,,
France,FRA,2021-05-14,,,,,74.85,,,8.32,,,,,42.87,,,82.1,17.2,,64.02,,,,
France,FRA,2021-05-21,,,,,76.07,,,13.38,,,,,50.88,,,84.07,23.58,,67.98,,,,
France,FRA,2021-05-28,,,,,76.98,,,18.79,,,,,56.37,,,85.43,29.53,,70.64,,,,
France,FRA,2021-06-04,,,,,77.93,,,26.04,,,,,60.86,,,86.75,36.41,,73,,,,
France,FRA,2021-06-11,,,,,78.75,,,33.16,,,,,64.41,,,87.88,42.64,,74.94,,,,
France,FRA,2021-06-18,,,,,79.36,,,38.06,,,,,66.78,,,88.73,46.74,,76.31,,,,
France,FRA,2021-06-25,,,,,79.85,,,41.86,,,,,68.49,,,89.39,49.53,,77.34,,,,
France,FRA,2021-07-02,,,,,80.31,,,45.16,,,,,70.05,,,90,51.91,,78.32,,,,
France,FRA,2021-07-09,,,,,80.79,,,48.44,,,,,71.8,,,90.66,54.48,,79.4,,,,
France,FRA,2021-07-16,,,,,81.3,,,53.6,,,,,74.09,,,91.4,58.33,,80.7,,,,
France,FRA,2021-07-23,,,,,81.96,,,60.83,,,,,77.23,,,92.36,63.67,,82.41,,,,
France,FRA,2021-07-30,,,,,82.73,,,68.67,,,,,80.71,,,93.44,69.51,,84.28,,,,
France,FRA,2021-08-06,,,,,83.46,,,74.39,,,,,83.51,,,94.42,73.93,,85.85,,,,
France,FRA,2021-08-13,,,,,84.09,,,78.34,,,,,85.58,,,95.2,77.18,,87.05,,,,
Hungary,HUN,2021-01-01,,,,,0,,,0,,,,,0.02,,,0,0.02,,0.01,,,,
Hungary,HUN,2021-01-08,,,,,0.64,,,0.33,,,,,1.51,,,0.54,0.92,,0.85,,,,
Hungary,HUN,2021-01-15,,,,,1.12,,,0.79,,,,,2.5,,,0.96,1.55,,1.45,,,,
Hungary,HUN,2021-01-22,,,,,1.18,,,1.12,,,,,2.88,,,1.1,1.85,,1.68,,,,
Hungary,HUN,2021-01-29,,,,,5.13,,,1.6,,,,,4.27,,,2.32,2.62,,2.74,,,,
Hungary,HUN,2021-02-05,,,,,13.07,,,1.76,,,,,4.46,,,2.42,2.77,,2.85,,,,
Hungary,HUN,2021-02-12,,,,,19.05,,,1.82,,,,,5.77,,,3.3,2.95,,2.99,,,,
Hungary,HUN,2021-02-19,,,,,24.99,,,2.1,,,,,7.48,,,5.59,3.31,,4.11,,,,
Hungary,HUN,2021-02-26,,,,,34.6,,,2.22,,,,,9.96,,,16.7,3.9,,9.55,,,,
Hungary,HUN,2021-03-05,,,,,44.2,,,2.35,,,,,11.54,,,33.6,4.24,,17.49,,,,
Hungary,HUN,2021-03-12,,,,,51.26,,,2.92,,,,,15.65,,,45.54,5.83,,25.02,,,,
Hungary,HUN,2021-03-19,,,,,56.5,,,3.43,,,,,17.01,,,55.34,6.71,,32.06,,,,
Hungary,HUN,2021-03-26,,,,,60.43,,,3.9,,,,,19.29,,,65.66,7.81,,43.96,,,,
Hungary,HUN,2021-04-02,,,,,63.61,,,4.98,,,,,28.51,,,71.69,11.7,,53.42,,,,
Hungary,HUN,2021-04-09,,,,,65.09,,,8,,,,,40.09,,,74,19.73,,58.6,,,,
Hungary,HUN,2021-04-16,,,,,67.12,,,10.77,,,,,45.4,,,76.55,25.28,,62.56,,,,
Hungary,HUN,2021-04-23,,,,,69.2,,,13.2,,,,,50.58,,,79.08,30.19,,66.36,,,,
Hungary,HUN,2021-04-30,,,,,70.38,,,22.6,,,,,55.15,,,80.37,38.5,,68.63,,,,
Hungary,HUN,2021-05-07,,,,,71.01,,,26.7,,,,,57.58,,,81.07,42.41,,69.75,,,,
Hungary,HUN,2021-05-14,,,,,71.89,,,31.23,,,,,60.45,,,82.11,46.62,,71.4,,,,
Hungary,HUN,2021-05-21,,,,,72.91,,,38.48,,,,,64.28,,,83.51,52.48,,73.63,,,,
Hungary,HUN,2021-05-28,,,,,73.34,,,40.68,,,,,65.64,,,84.01,54.28,,74.44,,,,
Hungary,HUN,2021-06-04,,,,,73.73,,,42.78,,,,,66.93,,,84.51,55.96,,75.22,,,,
Hungary,HUN,2021-06-11,,,,,74.03,,,44.26,,,,,67.85,,,84.89,57.12,,75.78,,,,
Hungary,HUN,2021-06-18,,,,,74.21,,,45.27,,,,,68.43,,,85.09,57.87,,76.09,,,,
Hungary,HUN,2021-06-25,,,,,74.33,,,46.02,,,,,68.82,,,85.25,58.4,,76.32,,,,
Hungary,HUN,2021-07-02,,,,,74.42,,,46.49,,,,,69.08,,,85.35,58.76,,76.49,,,,
Hungary,HUN,2021-07-09,,,,,74.49,,,46.83,,,,,69.35,,,85.46,59.09,,76.66,,,,
Hungary,HUN,2021-07-16,,,,,74.59,,,47.14,,,,,69.65,,,85.56,59.41,,76.85,,,,
Hungary,HUN,2021-07-23,,,,,74.67,,,47.4,,,,,69.95,,,85.67,59.7,,77.03,,,,
Hungary,HUN,2021-07-30,,,,,74.75,,,47.7,,,,,70.25,,,85.76,60.02,,77.19,,,,
Hungary,HUN,2021-08-06,,,,,74.84,,,47.97,,,,,70.5,,,85.85,60.29,,77.33,,,,
Hungary,HUN,2021-08-13,,,,,75,,,48.26,,,,,70.82,,,85.99,60.61,,77.52,,,,
Hungary,HUN,2021-08-20,,,,,75.15,,,48.46,,,,,71.07,,,86.11,60.85,,77.69,,,,
Hungary,HUN,2021-08-27,,,,,75.24,,,48.62,,,,,71.25,,,86.19,61.02,,77.8,,,,
Iceland,ISL,2021-01-08,,,,,18.31,,,0.31,,,,,0.82,,,2.52,0.85,,1.29,,,,
Iceland,ISL,2021-01-15,,,,,18.31,,,0.6,,,,,1.28,,,2.53,1.44,,1.75,,,,
Iceland,ISL,2021-01-22,,,,,33.96,,,0.8,,,,,2.05,,,5.97,1.99,,2.86,,,,
Iceland,ISL,2021-01-29,,,,,34.77,,,0.8,,,,,2.1,,,6.16,2.03,,2.91,,,,
Iceland,ISL,2021-02-05,,,,,43.87,,,0.9,,,,,2.53,,,6.78,2.4,,3.25,,,,
Iceland,ISL,2021-02-12,,,,,43.87,,,2.16,,,,,3.02,,,6.8,2.79,,3.5,,,,
Iceland,ISL,2021-02-19,,,,,45.29,,,3.22,,,,,4.3,,,7.06,3.79,,5.2,,,,
Iceland,ISL,2021-02-26,,,,,52.66,,,4.72,,,,,5.54,,,8.5,4.7,,6.13,,,,
Iceland,ISL,2021-03-05,,,,,90.98,,,6.07,,,,,7.04,,,9.47,5.99,,7.09,,,,
Iceland,ISL,2021-03-12,,,,,97.27,,,6.37,,,,,7.8,,,19.38,6.49,,8.87,,,,
Iceland,ISL,2021-03-19,,,,,97.9,,,6.37,,,,,7.84,,,34.83,6.52,,9.13,,,,
Iceland,ISL,2021-03-26,,,,,98.14,,,6.7,,,,,8.54,,,61.85,7,,9.65,,,,
Iceland,ISL,2021-04-02,,,,,98.32,,,7.02,,,,,9.36,,,75.16,7.66,,10.85,,,,
Iceland,ISL,2021-04-09,,,,,98.68,,,7.42,,,,,11.64,,,96.85,8.3,,21.23,,,,
Iceland,ISL,2021-04-16,,,,,98.82,,,7.87,,,,,14.57,,,99.02,10.31,,34.05,,,,
Iceland,ISL,2021-04-23,,,,,98.88,,,9.46,,,,,20.12,,,99.45,13.13,,44.13,,,,
Iceland,ISL,2021-04-30,,,,,99.07,,,10.74,,,,,39.23,,,100.61,15.59,,88.81,,,,
Iceland,ISL,2021-05-07,,,,,99.14,,,17.94,,,,,67.18,,,100.9,26.56,,91.28,,,,
Iceland,ISL,2021-05-14,,,,,99.2,,,20.1,,,,,71.69,,,101.1,29.85,,91.99,,,,
Iceland,ISL,2021-05-21,,,,,99.27,,,25.37,,,,,81.87,,,101.26,36.94,,92.52,,,,
Iceland,ISL,2021-05-28,,,,,99.33,,,27.03,,,,,84.04,,,102.17,40.53,,94.14,,,,
Iceland,ISL,2021-06-04,,,,,99.55,,,34.49,,,,,87.12,,,102.98,49.52,,95.43,,,,
Iceland,ISL,2021-06-11,,,,,99.64,,,55.16,,,,,88.28,,,103.39,62.71,,95.87,,,,
Iceland,ISL,2021-06-18,,,,,99.65,,,71.89,,,,,89.51,,,103.7,74.01,,96.1,,,,
Iceland,ISL,2021-06-25,,,,,99.88,,,81.65,,,,,91.34,,,104.55,82,,97.34,,,,
Iceland,ISL,2021-07-02,,,,,99.92,,,82.45,,,,,93.5,,,104.79,82.7,,99.24,,,,
Iceland,ISL,2021-07-09,,,,,100,,,84,,,,,94.11,,,104.93,83.9,,99.67,,,,
Iceland,ISL,2021-07-16,,,,,100.06,,,84.89,,,,,94.53,,,105.11,84.68,,99.92,,,,
Iceland,ISL,2021-07-23,,,,,100.08,,,85.15,,,,,94.59,,,105.14,84.91,,99.95,,,,
Iceland,ISL,2021-07-30,,,,,100.13,,,85.83,,,,,94.8,,,105.19,85.6,,100.02,,,,
Ireland,IRL,2021-01-08,,,,,0.47,,,0.65,,,,,1.82,,,0.12,1.78,,0.89,,,,
Ireland,IRL,2021-01-15,,,,,3.84,,,1.22,,,,,3.51,,,0.8,3.07,,2.03,,,,
Ireland,IRL,2021-01-22,,,,,10.04,,,1.72,,,,,4.81,,,1.93,4.03,,3.07,,,,
Ireland,IRL,2021-01-29,,,,,10.23,,,1.8,,,,,5.02,,,2.21,4.22,,3.35,,,,
Ireland,IRL,2021-02-05,,,,,10.42,,,1.95,,,,,5.34,,,2.27,4.5,,3.54,,,,
Ireland,IRL,2021-02-12,,,,,11.63,,,2.3,,,,,6.37,,,2.74,5.27,,4.27,,,,
Ireland,IRL,2021-02-19,,,,,21.09,,,2.89,,,,,7.33,,,3.01,6.03,,4.9,,,,
Ireland,IRL,2021-02-26,,,,,43.21,,,3.68,,,,,8.78,,,4.3,7.18,,5.94,,,,
Ireland,IRL,2021-03-05,,,,,66.19,,,4.28,,,,,9.91,,,7.35,8.07,,6.9,,,,
Ireland,IRL,2021-03-12,,,,,85.57,,,5.02,,,,,11.24,,,10.4,9.09,,8.07,,,,
Ireland,IRL,2021-03-19,,,,,98.04,,,5.13,,,,,11.42,,,16.48,9.2,,8.39,,,,
Ireland,IRL,2021-03-26,,,,,101.41,,,5.94,,,,,12.96,,,29.4,10.23,,10.21,,,,
Ireland,IRL,2021-04-02,,,,,103.43,,,6.77,,,,,14.37,,,43.64,11.16,,12.19,,,,
Ireland,IRL,2021-04-09,,,,,104.24,,,7.41,,,,,15.78,,,59.33,11.92,,14.48,,,,
Ireland,IRL,2021-04-16,,,,,104.86,,,7.56,,,,,16.62,,,84.88,12.25,,17.63,,,,
Ireland,IRL,2021-04-23,,,,,105.25,,,7.97,,,,,19.05,,,100.5,13.07,,30.76,,,,
Ireland,IRL,2021-04-30,,,,,105.52,,,8.86,,,,,23.92,,,103.64,14.82,,49.11,,,,
Ireland,IRL,2021-05-07,,,,,105.68,,,9.82,,,,,28.63,,,104.39,16.62,,75.56,,,,
Ireland,IRL,2021-05-14,,,,,105.79,,,10.77,,,,,47.31,,,104.89,18.27,,90.21,,,,
Ireland,IRL,2021-05-21,,,,,105.86,,,11.96,,,,,76.48,,,105.16,20.5,,93.43,,,,
Ireland,IRL,2021-05-28,,,,,105.92,,,13.45,,,,,87.75,,,105.36,25.97,,95.2,,,,
Ireland,IRL,2021-06-04,,,,,105.98,,,14.93,,,,,91.9,,,105.51,33.3,,96.21,,,,
Ireland,IRL,2021-06-11,,,,,106.02,,,16.19,,,,,93.33,,,105.6,41.07,,96.69,,,,
Ireland,IRL,2021-06-18,,,,,106.06,,,17.45,,,,,94.02,,,105.72,45.62,,97.08,,,,
Ireland,IRL,2021-06-25,,,,,106.1,,,18.96,,,,,94.69,,,105.85,50.81,,97.6,,,,
Ireland,IRL,2021-07-02,,,,,106.14,,,20.69,,,,,95.21,,,105.93,56.95,,97.97,,,,
Ireland,IRL,2021-07-09,,,,,106.18,,,26.59,,,,,95.72,,,106,62.87,,98.36,,,,
Ireland,IRL,2021-07-16,,,,,106.22,,,35.18,,,,,96.12,,,106.07,70.76,,98.63,,,,
Ireland,IRL,2021-07-23,,,,,106.26,,,49.89,,,,,96.47,,,106.12,78.85,,98.85,,,,
Ireland,IRL,2021-07-30,,,,,106.29,,,66.85,,,,,96.78,,,106.16,81.82,,99.05,,,,
Ireland,IRL,2021-08-06,,,,,106.32,,,74.11,,,,,97.05,,,106.21,83.38,,99.23,,,,
Ireland,IRL,2021-08-13,,,,,106.34,,,76.54,,,,,97.22,,,106.24,84.18,,99.33,,,,
Ireland,IRL,2021-08-20,,,,,106.37,,,78.12,,,,,97.37,,,106.27,84.79,,99.44,,,,
Ireland,IRL,2021-08-27,,,,,106.37,,,78.12,,,,,97.37,,,106.27,84.79,,99.44,,,,
Italy,ITA,2021-01-01,,,,,0,,,0,,,,,0.02,,,0,0.02,,0.02,,,,
Italy,ITA,2021-01-08,,,,,0.8,,,0.36,,,,,1.98,,,0.28,1.58,,1.58,,,,
Italy,ITA,2021-01-15,,,,,2.31,,,0.9,,,,,3.38,,,0.7,2.71,,2.67,,,,
Italy,ITA,2021-01-22,,,,,2.99,,,1,,,,,3.67,,,0.85,2.95,,2.9,,,,
Italy,ITA,2021-01-29,,,,,3.16,,,1.03,,,,,3.74,,,0.88,3.01,,2.96,,,,
Italy,ITA,2021-02-05,,,,,3.42,,,1.11,,,,,3.91,,,0.96,3.17,,3.1,,,,
Italy,ITA,2021-02-12,,,,,4.97,,,1.45,,,,,4.47,,,1.19,3.75,,3.55,,,,
Italy,ITA,2021-02-19,,,,,9.61,,,1.8,,,,,5.22,,,1.43,4.54,,3.96,,,,
Italy,ITA,2021-02-26,,,,,18.66,,,2.07,,,,,6.35,,,1.62,5.42,,4.57,,,,
Italy,ITA,2021-03-05,,,,,28.32,,,2.36,,,,,8.02,,,1.96,6.48,,5.78,,,,
Italy,ITA,2021-03-12,,,,,37.8,,,2.69,,,,,9.68,,,2.53,7.66,,7.05,,,,
Italy,ITA,2021-03-19,,,,,45.21,,,2.91,,,,,10.37,,,3.87,8.18,,7.77,,,,
Italy,ITA,2021-03-26,,,,,53.68,,,3.36,,,,,11.81,,,8.09,9.25,,9.51,,,,
Italy,ITA,2021-04-02,,,,,63.78,,,3.78,,,,,12.94,,,14.23,10.03,,11.33,,,,
Italy,ITA,2021-04-09,,,,,75.39,,,4.21,,,,,14.1,,,23.37,10.73,,13.66,,,,
Italy,ITA,2021-04-16,,,,,81.66,,,4.59,,,,,15.25,,,37.36,11.34,,17.91,,,,
Italy,ITA,2021-04-23,,,,,86.03,,,4.99,,,,,16.48,,,51.31,11.99,,24.22,,,,
Italy,ITA,2021-04-30,,,,,88.47,,,5.74,,,,,18.75,,,63.85,12.94,,34.32,,,,
Italy,ITA,2021-05-07,,,,,90.09,,,6.64,,,,,22.84,,,72.82,14.15,,47.48,,,,
Italy,ITA,2021-05-14,,,,,91.39,,,7.88,,,,,29.65,,,77.88,15.75,,59.58,,,,
Italy,ITA,2021-05-21,,,,,92.43,,,9.24,,,,,37.45,,,81.23,18.14,,67.37,,,,
Italy,ITA,2021-05-28,,,,,93.28,,,10.93,,,,,46.09,,,83.44,21.05,,73.18,,,,
Italy,ITA,2021-06-04,,,,,93.89,,,17.18,,,,,57.82,,,85.01,26.88,,77.13,,,,
Italy,ITA,2021-06-11,,,,,94.48,,,24,,,,,66.86,,,86.28,35.58,,79.89,,,,
Italy,ITA,2021-06-18,,,,,94.84,,,29.32,,,,,70.38,,,86.97,42.59,,81.24,,,,
Italy,ITA,2021-06-25,,,,,95.13,,,36.02,,,,,72.55,,,87.52,48.89,,82.21,,,,
Italy,ITA,2021-07-02,,,,,95.35,,,43.74,,,,,73.98,,,87.97,53.09,,82.99,,,,
Italy,ITA,2021-07-09,,,,,95.52,,,48.83,,,,,74.79,,,88.31,55.42,,83.54,,,,
Italy,ITA,2021-07-16,,,,,95.68,,,51.8,,,,,75.45,,,88.62,57.15,,84.02,,,,
Italy,ITA,2021-07-23,,,,,95.87,,,55.96,,,,,76.35,,,89.02,59.51,,84.68,,,,
Italy,ITA,2021-07-30,,,,,96.07,,,60.96,,,,,77.41,,,89.45,62.32,,85.42,,,,
Italy,ITA,2021-08-06,,,,,96.26,,,65.93,,,,,78.54,,,89.85,65.02,,86.12,,,,
Italy,ITA,2021-08-13,,,,,96.44,,,69.92,,,,,79.7,,,90.21,67.3,,86.77,,,,
Italy,ITA,2021-08-20,,,,,96.6,,,72.58,,,,,80.66,,,90.53,69.02,,87.34,,,,
Italy,ITA,2021-08-27,,,,,96.7,,,73.95,,,,,81.18,,,90.71,69.89,,87.65,,,,
Jersey,JEY,2021-04-04,,97,95,,100,90,96,,,,82,91,,,,,,,,,,,
Jersey,JEY,2021-04-11,,97,95,0,100,91,96,,,,83,91,,,10,,,,,13,23,,
Jersey,JEY,2021-04-18,,98,95,0,100,91,96,,,,83,92,,,10,,,,,14,48,,
Jersey,JEY,2021-04-25,,98,96,0,100,91,96,,,,85,93,,,10,,,,,14,65,,
Jersey,JEY,2021-05-02,,99,96,0,100,92,96,,,,85,93,,,10,,,,,14,67,,
Jersey,JEY,2021-05-12,,99,97,1,100,92,97,,,,87,94,,,10,,,,,26,71,,
Jersey,JEY,2021-05-16,,99,97,1,100,92,97,,,,87,94,,,10,,,,,33,73,,
Jersey,JEY,2021-05-19,,99,97,1,100,92,97,,,,87,95,,,10,,,,,46,74,,
Jersey,JEY,2021-05-23,,99,97,0,100,92,97,,,,87,95,,,11,,,,,46,74,,
Jersey,JEY,2021-05-26,,99,97,0,100,92,97,,,,88,95,,,11,,,,,50,75,,
Jersey,JEY,2021-05-30,,99,97,0,100,92,97,,,,88,95,,,11,,,,,54,76,,
Jersey,JEY,2021-06-02,,99,97,0,100,93,97,,,,88,95,,,11,,,,,55,77,,
Jersey,JEY,2021-06-06,,99,98,0,100,93,97,,,,89,96,,,17,,,,,60,78,,
Jersey,JEY,2021-06-09,,100,98,1,100,93,98,,,,89,96,,,23,,,,,61,79,,
Jersey,JEY,2021-06-13,,100,98,1,100,93,98,,,,89,96,,,25,,,,,62,79,,
Jersey,JEY,2021-06-16,,100,98,1,100,93,98,,,,89,96,,,33,,,,,63,79,,
Jersey,JEY,2021-06-20,,100,98,0,100,93,98,,,,89,96,,,42,,,,,64,80,,
Jersey,JEY,2021-06-23,,100,98,1,100,93,98,,,,89,96,,,46,,,,,65,80,,
Jersey,JEY,2021-06-27,,100,98,1,100,93,98,,,,89,96,,,51,,,,,67,81,,
Jersey,JEY,2021-07-04,,100,99,1,100,93,98,,,,90,97,,,55,,,,,68,82,,
Jersey,JEY,2021-07-07,,100,99,0,100,93,98,,,,90,97,,,55,,,,,69,82,,
Jersey,JEY,2021-07-11,,100,99,1,100,93,98,,,,90,97,,,58,,,,,70,83,,
Jersey,JEY,2021-07-14,,100,99,1,100,93,98,,,,90,97,,,59,,,,,71,83,,
Jersey,JEY,2021-07-18,,100,99,1,100,93,99,,,,90,97,,,60,,,,,71,84,,
Jersey,JEY,2021-07-21,,100,99,1,100,93,99,,,,91,98,,,61,,,,,72,84,,
Jersey,JEY,2021-07-25,,100,99,1,100,93,99,,,,91,98,,,62,,,,,73,85,,
Jersey,JEY,2021-07-28,,100,100,1,100,93,99,,,,91,98,,,63,,,,,73,85,,
Jersey,JEY,2021-08-01,,100,100,0,100,94,99,,,,91,98,,,64,,,,,74,85,,
Jersey,JEY,2021-08-04,,100,100,1,100,94,99,,,,91,98,,,64,,,,,74,85,,
Jersey,JEY,2021-08-08,,100,100,10,100,94,99,,,,92,98,,,64,,,,,74,85,,
Jersey,JEY,2021-08-11,,100,100,19,100,94,99,,,,92,98,,,65,,,,,74,85,,
Jersey,JEY,2021-08-15,,100,100,25,100,94,99,,,,92,98,,,65,,,,,74,86,,
Jersey,JEY,2021-08-18,,100,100,28,100,94,99,,,,92,98,,,65,,,,,74,86,,
Jersey,JEY,2021-08-22,,100,100,32,100,94,99,,,,92,99,,,66,,,,,75,86,,
Latvia,LVA,2021-01-08,,,,,0.02,,,0.31,,,,,0.66,,,0.12,0.54,,0.49,,,,
Latvia,LVA,2021-01-15,,,,,0.08,,,0.7,,,,,1.54,,,0.35,1.16,,1.24,,,,
Latvia,LVA,2021-01-22,,,,,0.08,,,0.75,,,,,1.63,,,0.38,1.23,,1.3,,,,
Latvia,LVA,2021-01-29,,,,,0.08,,,0.76,,,,,1.65,,,0.38,1.25,,1.31,,,,
Latvia,LVA,2021-02-05,,,,,0.09,,,0.78,,,,,1.74,,,0.41,1.29,,1.39,,,,
Latvia,LVA,2021-02-12,,,,,0.26,,,0.99,,,,,2.01,,,0.55,1.49,,1.66,,,,
Latvia,LVA,2021-02-19,,,,,1.43,,,1.17,,,,,2.59,,,1.45,1.82,,2.28,,,,
Latvia,LVA,2021-02-26,,,,,5.09,,,1.5,,,,,3.01,,,6.07,2.09,,2.88,,,,
Latvia,LVA,2021-03-05,,,,,10,,,1.64,,,,,3.35,,,11.77,2.27,,3.48,,,,
Latvia,LVA,2021-03-12,,,,,13.82,,,1.75,,,,,3.6,,,16.26,2.4,,4.12,,,,
Latvia,LVA,2021-03-19,,,,,14.95,,,1.78,,,,,3.67,,,17.74,2.44,,4.32,,,,
Latvia,LVA,2021-03-26,,,,,18.85,,,1.9,,,,,4.4,,,22.77,2.71,,6.25,,,,
Latvia,LVA,2021-04-02,,,,,20.92,,,2.15,,,,,5.59,,,25.57,3.2,,8.69,,,,
Latvia,LVA,2021-04-09,,,,,23.15,,,2.69,,,,,7.21,,,28.3,4.02,,13.86,,,,
Latvia,LVA,2021-04-16,,,,,24.43,,,4.19,,,,,9.57,,,29.89,5.89,,17.48,,,,
Latvia,LVA,2021-04-23,,,,,26.02,,,5.03,,,,,12.57,,,32.07,7.99,,22.03,,,,
Latvia,LVA,2021-04-30,,,,,27.79,,,6.49,,,,,16.04,,,34.44,10.87,,26.24,,,,
Latvia,LVA,2021-05-07,,,,,29.07,,,10.84,,,,,19.65,,,36.09,15.73,,29.08,,,,
Latvia,LVA,2021-05-14,,,,,30.86,,,16.25,,,,,24.65,,,38.24,21.74,,32.28,,,,
Latvia,LVA,2021-05-21,,,,,32.23,,,20.14,,,,,28.07,,,39.96,25.72,,34.91,,,,
Latvia,LVA,2021-05-28,,,,,33.39,,,24.51,,,,,30.92,,,41.49,29.01,,37.08,,,,
Latvia,LVA,2021-06-04,,,,,34.43,,,28.32,,,,,32.92,,,42.75,31.3,,38.76,,,,
Latvia,LVA,2021-06-11,,,,,35.39,,,31.81,,,,,34.9,,,43.99,33.5,,40.43,,,,
Latvia,LVA,2021-06-18,,,,,36.25,,,34.43,,,,,36.68,,,45.11,35.35,,41.92,,,,
Latvia,LVA,2021-06-25,,,,,36.46,,,35.27,,,,,37.24,,,45.46,35.98,,42.41,,,,
Latvia,LVA,2021-07-02,,,,,37.29,,,37.61,,,,,39.02,,,46.55,37.67,,44,,,,
Latvia,LVA,2021-07-09,,,,,38.03,,,39.95,,,,,40.87,,,47.64,39.48,,45.64,,,,
Latvia,LVA,2021-07-16,,,,,38.62,,,42.13,,,,,42.58,,,48.46,41.11,,47.05,,,,
Latvia,LVA,2021-07-23,,,,,39.18,,,44.01,,,,,44.09,,,49.3,42.56,,48.3,,,,
Latvia,LVA,2021-07-30,,,,,39.7,,,45.73,,,,,45.38,,,50,43.85,,49.42,,,,
Latvia,LVA,2021-08-06,,,,,40.26,,,47.27,,,,,46.68,,,50.68,45.03,,50.5,,,,
Latvia,LVA,2021-08-13,,,,,40.85,,,48.81,,,,,47.95,,,51.43,46.23,,51.6,,,,
Latvia,LVA,2021-08-20,,,,,41.37,,,50.62,,,,,49.14,,,52.08,47.33,,52.6,,,,
Lithuania,LTU,2021-01-08,,,,,0.12,,,0.35,,,,,1.78,,,0.25,1.06,,1.38,,,,
Lithuania,LTU,2021-01-15,,,,,1.6,,,0.72,,,,,3.58,,,1.1,2.06,,3.02,,,,
Lithuania,LTU,2021-01-22,,,,,2.48,,,0.82,,,,,4.01,,,1.37,2.32,,3.47,,,,
Lithuania,LTU,2021-01-29,,,,,2.94,,,1.18,,,,,4.74,,,1.54,2.98,,4.04,,,,
Lithuania,LTU,2021-02-05,,,,,3.26,,,1.29,,,,,5.19,,,1.65,3.26,,4.44,,,,
Lithuania,LTU,2021-02-12,,,,,3.64,,,1.58,,,,,6.73,,,1.9,4.11,,5.65,,,,
Lithuania,LTU,2021-02-19,,,,,9,,,1.72,,,,,7.71,,,2.96,4.57,,6.59,,,,
Lithuania,LTU,2021-02-26,,,,,23.28,,,1.8,,,,,8.14,,,8.13,4.76,,7.7,,,,
Lithuania,LTU,2021-03-05,,,,,32.15,,,1.89,,,,,8.44,,,18.14,4.91,,9.09,,,,
Lithuania,LTU,2021-03-12,,,,,35.68,,,1.99,,,,,8.67,,,29,5.04,,11.91,,,,
Lithuania,LTU,2021-03-19,,,,,36.84,,,2.04,,,,,8.89,,,33.42,5.12,,14,,,,
Lithuania,LTU,2021-03-26,,,,,39.41,,,2.42,,,,,9.99,,,40.57,5.73,,18.89,,,,
Lithuania,LTU,2021-04-02,,,,,41.93,,,4.34,,,,,12.03,,,47.43,7.15,,24.3,,,,
Lithuania,LTU,2021-04-09,,,,,44.35,,,8.14,,,,,15.94,,,53.99,9.8,,32.18,,,,
Lithuania,LTU,2021-04-16,,,,,46.89,,,10.13,,,,,19.54,,,59.07,12.16,,38.81,,,,
Lithuania,LTU,2021-04-23,,,,,48.49,,,12.75,,,,,22.85,,,61.92,14.45,,43.4,,,,
Lithuania,LTU,2021-04-30,,,,,49.4,,,14.46,,,,,26.92,,,63.21,16.78,,47.71,,,,
Lithuania,LTU,2021-05-07,,,,,50.33,,,16.86,,,,,32.3,,,64.6,21.37,,51.75,,,,
Lithuania,LTU,2021-05-14,,,,,51.24,,,19.35,,,,,37.69,,,65.75,25.72,,55.91,,,,
Lithuania,LTU,2021-05-21,,,,,51.9,,,21.33,,,,,42.13,,,66.53,29.32,,58.59,,,,
Lithuania,LTU,2021-05-28,,,,,52.51,,,23.57,,,,,45.73,,,67.31,34.13,,60.87,,,,
Lithuania,LTU,2021-06-04,,,,,52.99,,,33.78,,,,,48.07,,,67.91,40.29,,62.41,,,,
Lithuania,LTU,2021-06-11,,,,,53.48,,,38.53,,,,,49.99,,,68.5,43.58,,63.72,,,,
Lithuania,LTU,2021-06-18,,,,,53.87,,,40.52,,,,,51.38,,,69.01,45.24,,64.74,,,,
Lithuania,LTU,2021-06-25,,,,,54.05,,,41.69,,,,,52.06,,,69.25,46.18,,65.22,,,,
Lithuania,LTU,2021-07-02,,,,,54.41,,,43.27,,,,,53.1,,,69.67,47.38,,66.01,,,,
Lithuania,LTU,2021-07-09,,,,,54.7,,,44.5,,,,,54.1,,,70.08,48.53,,66.79,,,,
Lithuania,LTU,2021-07-16,,,,,54.98,,,45.71,,,,,55.44,,,70.42,49.93,,67.63,,,,
Lithuania,LTU,2021-07-23,,,,,55.38,,,47.8,,,,,57.79,,,71.05,52.44,,69.13,,,,
Lithuania,LTU,2021-07-30,,,,,55.92,,,50.83,,,,,60.93,,,71.8,55.62,,71.13,,,,
Lithuania,LTU,2021-08-06,,,,,56.75,,,54.39,,,,,64.36,,,73.04,59.35,,73.48,,,,
Lithuania,LTU,2021-08-13,,,,,57.74,,,57.63,,,,,67.16,,,74.39,62.47,,75.64,,,,
Lithuania,LTU,2021-08-20,,,,,58.6,,,60.64,,,,,69.37,,,75.42,65.1,,77.28,,,,
Lithuania,LTU,2021-08-27,,,,,58.9,,,62.07,,,,,70.19,,,75.81,66.12,,77.88,,,,
Lithuania,LTU,2021-01-01,,,,,,,,0.04,,,,,0.17,,,0.01,0.14,,0.1,,,,
Luxembourg,LUX,2021-01-08,,,,,1.34,,,0.03,,,,,0.28,,,0.21,0.2,,0.19,,,,
Luxembourg,LUX,2021-01-15,,,,,3.4,,,0.07,,,,,0.55,,,0.43,0.42,,0.36,,,,
Luxembourg,LUX,2021-01-22,,,,,3.41,,,0.27,,,,,1.07,,,0.49,0.86,,0.57,,,,
Luxembourg,LUX,2021-01-29,,,,,5.97,,,0.47,,,,,1.69,,,0.98,1.37,,0.89,,,,
Luxembourg,LUX,2021-02-05,,,,,9.54,,,0.63,,,,,2.11,,,1.36,1.71,,1.08,,,,
Luxembourg,LUX,2021-02-12,,,,,10.58,,,0.88,,,,,2.61,,,1.61,2.19,,1.4,,,,
Luxembourg,LUX,2021-02-19,,,,,16.79,,,1.39,,,,,3.42,,,2.21,2.91,,1.75,,,,
Luxembourg,LUX,2021-02-26,,,,,23.17,,,1.6,,,,,3.83,,,2.35,3.24,,1.93,,,,
Luxembourg,LUX,2021-03-05,,,,,37.34,,,1.76,,,,,4.04,,,2.69,3.4,,3.42,,,,
Luxembourg,LUX,2021-03-12,,,,,63.71,,,1.98,,,,,4.33,,,9.79,3.51,,4.8,,,,
Luxembourg,LUX,2021-03-19,,,,,78.14,,,2.12,,,,,4.69,,,30.44,3.67,,5.5,,,,
Luxembourg,LUX,2021-03-26,,,,,80.05,,,2.29,,,,,4.95,,,50.37,3.91,,5.77,,,,
Luxembourg,LUX,2021-04-02,,,,,80.64,,,2.5,,,,,5.43,,,76.87,4.22,,11.2,,,,
Luxembourg,LUX,2021-04-09,,,,,80.83,,,2.8,,,,,6.11,,,78.71,4.54,,31.57,,,,
Luxembourg,LUX,2021-04-16,,,,,81.24,,,3.01,,,,,7.33,,,79.72,4.86,,62.99,,,,
Luxembourg,LUX,2021-04-23,,,,,81.91,,,3.13,,,,,12.33,,,80.3,5.32,,73.19,,,,
Luxembourg,LUX,2021-04-30,,,,,82.31,,,3.34,,,,,28.05,,,81.17,6,,75.47,,,,
Luxembourg,LUX,2021-05-07,,,,,82.85,,,3.53,,,,,44.32,,,81.87,10.45,,76.64,,,,
Luxembourg,LUX,2021-05-14,,,,,83.49,,,3.72,,,,,63.63,,,82.47,12.77,,78.14,,,,
Luxembourg,LUX,2021-05-21,,,,,83.92,,,3.88,,,,,73.21,,,82.96,17.7,,78.89,,,,
Luxembourg,LUX,2021-05-28,,,,,84.26,,,3.97,,,,,74.43,,,83.36,19.88,,79.42,,,,
Luxembourg,LUX,2021-06-04,,,,,84.41,,,4.09,,,,,75.1,,,83.61,28.88,,79.74,,,,
Luxembourg,LUX,2021-06-11,,,,,84.58,,,4.2,,,,,75.93,,,83.92,35.47,,80.27,,,,
Luxembourg,LUX,2021-06-18,,,,,84.8,,,4.94,,,,,76.73,,,84.23,45.18,,80.81,,,,
Luxembourg,LUX,2021-06-25,,,,,85.14,,,16.21,,,,,77.54,,,84.61,56.88,,81.43,,,,
Luxembourg,LUX,2021-07-02,,,,,85.28,,,33.39,,,,,78,,,84.83,61.58,,81.75,,,,
Luxembourg,LUX,2021-07-09,,,,,85.41,,,48.54,,,,,78.41,,,85.03,63.19,,82.02,,,,
Luxembourg,LUX,2021-07-16,,,,,85.66,,,52.53,,,,,79.14,,,85.37,64.47,,82.54,,,,
Luxembourg,LUX,2021-07-23,,,,,85.81,,,54.09,,,,,79.6,,,85.7,65.25,,82.87,,,,
Luxembourg,LUX,2021-07-30,,,,,85.96,,,55.27,,,,,79.98,,,85.98,65.95,,83.13,,,,
Luxembourg,LUX,2021-08-06,,,,,86.15,,,56.27,,,,,80.39,,,86.21,66.63,,83.42,,,,
Luxembourg,LUX,2021-08-13,,,,,86.31,,,57.02,,,,,80.7,,,86.42,67.18,,83.71,,,,
Luxembourg,LUX,2021-08-20,,,,,86.54,,,57.93,,,,,81.09,,,86.7,67.78,,84.03,,,,
Luxembourg,LUX,2021-08-27,,,,,86.66,,,58.35,,,,,81.26,,,86.83,68.03,,84.17,,,,
Malta,MLT,2021-01-08,,,,,2.16,,,0.65,,,,,1.83,,,0.34,1.2,,0.62,,,,
Malta,MLT,2021-01-15,,,,,17.23,,,1.31,,,,,3.1,,,0.84,2.14,,1.11,,,,
Malta,MLT,2021-01-22,,,,,30.19,,,2.06,,,,,4.68,,,1.58,3.35,,1.71,,,,
Malta,MLT,2021-01-29,,,,,36.3,,,2.57,,,,,6.24,,,2.23,4.87,,2.3,,,,
Malta,MLT,2021-02-05,,,,,53.7,,,3.06,,,,,10.93,,,2.87,6.76,,3.01,,,,
Malta,MLT,2021-02-12,,,,,68.52,,,3.82,,,,,15.23,,,3.3,9.03,,3.58,,,,
Malta,MLT,2021-02-19,,,,,77.33,,,4.97,,,,,22.16,,,9.93,12.16,,5.31,,,,
Malta,MLT,2021-02-26,,,,,82.04,,,7.63,,,,,28.55,,,15.92,15.09,,10.2,,,,
Malta,MLT,2021-03-05,,,,,84.38,,,8.9,,,,,30.54,,,17.85,18.58,,16.34,,,,
Malta,MLT,2021-03-12,,,,,88.12,,,9.89,,,,,32.09,,,26.64,20.04,,20.64,,,,
Malta,MLT,2021-03-19,,,,,93.64,,,11.24,,,,,33.29,,,36.34,21.37,,27.68,,,,
Malta,MLT,2021-03-26,,,,,95.33,,,12.54,,,,,35.48,,,57.28,22.34,,37.38,,,,
Malta,MLT,2021-04-02,,,,,96.04,,,12.99,,,,,36.38,,,81.78,22.93,,54.16,,,,
Malta,MLT,2021-04-09,,,,,96.81,,,13.76,,,,,47.31,,,88.87,23.96,,67.93,,,,
Malta,MLT,2021-04-16,,,,,97.51,,,14.61,,,,,64.11,,,96.9,24.94,,74.61,,,,
Malta,MLT,2021-04-23,,,,,98.61,,,15.59,,,,,78.15,,,103.39,27.4,,83.97,,,,
Malta,MLT,2021-04-30,,,,,98.92,,,16.92,,,,,83.05,,,105.3,34.06,,97.73,,,,
Malta,MLT,2021-05-07,,,,,99.09,,,18.97,,,,,87.15,,,105.71,50.63,,98.38,,,,
Malta,MLT,2021-05-14,,,,,99.25,,,19.76,,,,,89.3,,,105.93,60.14,,98.86,,,,
Malta,MLT,2021-05-21,,,,,99.41,,,33.32,,,,,90.57,,,106.08,63.9,,99.18,,,,
Malta,MLT,2021-05-28,,,,,99.51,,,40.77,,,,,91.15,,,106.14,66.66,,99.32,,,,
Malta,MLT,2021-06-04,,,,,99.68,,,49.19,,,,,91.88,,,106.22,69.06,,99.49,,,,
Malta,MLT,2021-06-11,,,,,99.81,,,55.67,,,,,92.91,,,106.32,73.02,,99.67,,,,
Malta,MLT,2021-06-18,,,,,99.87,,,59.81,,,,,93.6,,,106.39,74.93,,99.83,,,,
Malta,MLT,2021-06-25,,,,,99.91,,,61.1,,,,,93.86,,,106.45,75.56,,99.92,,,,
Malta,MLT,2021-07-02,,,,,99.98,,,65.11,,,,,94.27,,,106.51,77.13,,100,,,,
Malta,MLT,2021-07-09,,,,,100.08,,,71.14,,,,,94.87,,,106.58,78.77,,100.16,,,,
Malta,MLT,2021-07-16,,,,,100.24,,,74.41,,,,,95.69,,,106.68,80.91,,100.32,,,,
Malta,MLT,2021-07-23,,,,,100.54,,,76.03,,,,,96.28,,,106.77,82.51,,100.54,,,,
Malta,MLT,2021-07-30,,,,,100.75,,,78.31,,,,,96.83,,,106.84,84.76,,100.68,,,,
Malta,MLT,2021-08-06,,,,,100.82,,,79.8,,,,,97.11,,,106.88,86.29,,100.75,,,,
Malta,MLT,2021-08-13,,,,,100.91,,,80.69,,,,,97.31,,,106.91,87,,100.82,,,,
Malta,MLT,2021-01-01,,,,,,,,0.01,,,,,0.03,,,0,0.02,,0,,,,
Norway,NOR,2021-01-22,,,,,27.3,,,0.1,,,,,0.4,,,0.35,0.44,,0.31,,,,
Norway,NOR,2021-01-29,,,,,35.28,,,0.17,,,,,0.66,,,0.64,0.67,,0.53,,,,
Norway,NOR,2021-02-05,,,,,55.56,,,0.32,,,,,1.14,,,2.08,1.05,,0.9,,,,
Norway,NOR,2021-02-12,,,,,70.55,,,0.44,,,,,1.49,,,4.78,1.34,,1.19,,,,
Norway,NOR,2021-02-19,,,,,80.17,,,0.72,,,,,3.42,,,7.03,1.51,,2.2,,,,
Norway,NOR,2021-02-26,,,,,81.11,,,1.4,,,,,4.63,,,7.32,2.48,,2.83,,,,
Norway,NOR,2021-03-05,,,,,84.14,,,2.41,,,,,6.23,,,8.54,3.79,,3.87,,,,
Norway,NOR,2021-03-12,,,,,88.67,,,3.12,,,,,7.47,,,10.17,4.56,,5.22,,,,
Norway,NOR,2021-03-19,,,,,96.41,,,3.17,,,,,7.61,,,17.88,4.65,,5.6,,,,
Norway,NOR,2021-03-26,,,,,99.76,,,3.52,,,,,8.49,,,34.32,5.38,,6.89,,,,
Norway,NOR,2021-04-02,,,,,100.73,,,3.78,,,,,9.42,,,47.05,5.91,,8.87,,,,
Norway,NOR,2021-04-09,,,,,101.54,,,4.29,,,,,11.7,,,68.68,6.82,,14.38,,,,
Norway,NOR,2021-04-16,,,,,102.16,,,4.81,,,,,14.32,,,85.76,7.62,,28.01,,,,
Norway,NOR,2021-04-23,,,,,102.52,,,5.29,,,,,17.01,,,91.48,8.44,,43.61,,,,
Norway,NOR,2021-04-30,,,,,102.86,,,5.97,,,,,22.82,,,93.58,9.9,,56.65,,,,
Norway,NOR,2021-05-07,,,,,103.16,,,6.73,,,,,26.78,,,94.55,11.6,,62.84,,,,
Norway,NOR,2021-05-14,,,,,103.38,,,7.51,,,,,30.27,,,95.16,13.08,,67.85,,,,
Norway,NOR,2021-05-21,,,,,103.48,,,7.77,,,,,31.63,,,95.53,13.55,,69,,,,
Norway,NOR,2021-05-28,,,,,103.59,,,8.07,,,,,32.88,,,95.86,14.08,,70.3,,,,
Norway,NOR,2021-06-04,,,,,103.76,,,9.75,,,,,41.13,,,96.28,16.81,,78.85,,,,
Norway,NOR,2021-06-11,,,,,103.88,,,12.3,,,,,49.88,,,96.5,19.48,,83.23,,,,
Norway,NOR,2021-06-18,,,,,104.01,,,18.93,,,,,63.52,,,96.7,22.63,,88,,,,
Norway,NOR,2021-06-25,,,,,104.11,,,27.81,,,,,77.18,,,96.87,29.43,,90.84,,,,
Norway,NOR,2021-07-02,,,,,104.2,,,41.38,,,,,85.53,,,97.02,41.25,,92.14,,,,
Norway,NOR,2021-07-09,,,,,104.28,,,51.43,,,,,88.13,,,97.13,50.79,,92.65,,,,
Norway,NOR,2021-07-16,,,,,104.34,,,57.75,,,,,89.17,,,97.22,56.4,,92.93,,,,
Norway,NOR,2021-07-23,,,,,104.4,,,67.35,,,,,90.45,,,97.31,63.22,,93.22,,,,
Norway,NOR,2021-07-30,,,,,104.46,,,74.54,,,,,91.28,,,97.41,70.99,,93.48,,,,
Norway,NOR,2021-08-06,,,,,104.54,,,78.21,,,,,91.87,,,97.5,75.76,,93.72,,,,
Norway,NOR,2021-08-13,,,,,104.62,,,80.01,,,,,92.3,,,97.59,78.05,,93.9,,,,
Norway,NOR,2021-08-20,,,,,104.67,,,81.08,,,,,92.64,,,97.66,79.3,,94.05,,,,
Peru,PER,2021-02-15,,,,0,0,,,0.16,,,,,1.02,,,0.02,1.15,,0.75,,,,
Peru,PER,2021-02-22,,,,0,0.02,,,0.32,,,,,1.64,,,0.06,1.81,,1.46,,,,
Peru,PER,2021-03-01,,,,0,0.02,,,0.38,,,,,1.79,,,0.08,2,,1.67,,,,
Peru,PER,2021-03-08,,,,0,1.95,,,0.65,,,,,2.21,,,0.28,2.25,,1.86,,,,
Peru,PER,2021-03-15,,,,0,8.16,,,1.1,,,,,2.46,,,1.07,2.66,,2.14,,,,
Peru,PER,2021-03-22,,,,0,12.09,,,1.46,,,,,2.59,,,1.77,2.83,,2.39,,,,
Peru,PER,2021-03-29,,,,0,12.95,,,1.51,,,,,2.66,,,1.88,2.93,,2.47,,,,
Peru,PER,2021-04-05,,,,0,13.21,,,1.75,,,,,2.9,,,2.01,3.3,,2.62,,,,
Peru,PER,2021-04-12,,,,0,19.47,,,1.92,,,,,2.93,,,2.09,3.35,,2.65,,,,
Peru,PER,2021-04-19,,,,0,29.89,,,2.01,,,,,3.13,,,2.99,3.55,,2.71,,,,
Peru,PER,2021-04-26,,,,0,46.92,,,2.07,,,,,3.17,,,13.19,3.61,,3.47,,,,
Peru,PER,2021-05-03,,,,0,59.3,,,2.17,,,,,3.18,,,25.71,3.66,,4.53,,,,
Peru,PER,2021-05-10,,,,0,64.26,,,2.37,,,,,3.27,,,46.76,3.8,,6.95,,,,
Peru,PER,2021-05-17,,,,0,68.04,,,2.51,,,,,3.44,,,62.12,3.91,,15.56,,,,
Peru,PER,2021-05-24,,,,0,70.18,,,2.67,,,,,4.17,,,66.55,4.09,,34.62,,,,
Peru,PER,2021-05-31,,,,0,71.38,,,2.76,,,,,4.92,,,68.11,4.2,,45.28,,,,
Peru,PER,2021-06-07,,,,0,73.6,,,2.83,,,,,6.59,,,70.78,4.32,,62.33,,,,
Peru,PER,2021-06-14,,,,0,75.54,,,2.98,,,,,7.93,,,73.01,4.66,,67.48,,,,
Peru,PER,2021-06-21,,,,0.01,77.34,,,3.24,,,,,13.6,,,74.8,5.09,,69.91,,,,
Peru,PER,2021-06-28,,,,0.01,78.62,,,3.4,,,,,26.37,,,76.15,5.42,,71.8,,,,
Peru,PER,2021-07-05,,,,0.01,80.01,,,3.65,,,,,46.44,,,77.7,7.62,,74.27,,,,
Peru,PER,2021-07-12,,,,0.01,80.79,,,3.9,,,,,59.59,,,78.66,11.4,,75.79,,,,
Peru,PER,2021-07-19,,,,0.02,81.31,,,4.52,,,,,64.9,,,79.35,16.67,,76.92,,,,
Peru,PER,2021-07-26,,,,0.03,81.63,,,4.79,,,,,67.34,,,79.76,19.23,,77.56,,,,
Peru,PER,2021-08-02,,,,0.03,82.04,,,5.28,,,,,69.96,,,80.34,23.61,,78.41,,,,
Peru,PER,2021-08-09,,,,0.04,82.45,,,5.64,,,,,71.71,,,80.92,26.73,,79.14,,,,
Peru,PER,2021-08-16,,,,0.06,82.86,,,5.89,,,,,73.07,,,81.5,29.43,,79.87,,,,
Peru,PER,2021-08-23,,,,0.08,83.14,,,6.15,,,,,74.01,,,81.86,31.63,,80.38,,,,
Peru,PER,2021-02-08,,,,,0,,,0.04,,,,,0.56,,,0.01,0.64,,0.32,,,,
Poland,POL,2021-01-01,,,,,0,,,0,,,,,0.01,,,0,0.01,,0.01,,,,
Poland,POL,2021-01-08,,,,,0.13,,,0.32,,,,,1.37,,,0.25,0.7,,0.66,,,,
Poland,POL,2021-01-15,,,,,0.29,,,1.13,,,,,2.91,,,0.55,1.61,,1.44,,,,
Poland,POL,2021-01-22,,,,,2.47,,,1.5,,,,,3.67,,,1.21,2.07,,2.01,,,,
Poland,POL,2021-01-29,,,,,13.21,,,1.84,,,,,4.19,,,2.45,2.44,,2.34,,,,
Poland,POL,2021-02-05,,,,,21.64,,,1.97,,,,,4.34,,,4.7,2.56,,2.53,,,,
Poland,POL,2021-02-12,,,,,28.29,,,2.09,,,,,4.64,,,8.47,2.76,,2.8,,,,
Poland,POL,2021-02-19,,,,,32.6,,,2.22,,,,,5.57,,,12.08,3.3,,3.09,,,,
Poland,POL,2021-02-26,,,,,36.17,,,2.32,,,,,6.81,,,16.29,4,,3.61,,,,
Poland,POL,2021-03-05,,,,,39.22,,,2.44,,,,,8.11,,,20.96,4.81,,4.29,,,,
Poland,POL,2021-03-12,,,,,42.44,,,2.87,,,,,8.74,,,26.8,5.31,,5.09,,,,
Poland,POL,2021-03-19,,,,,45.08,,,3.18,,,,,9.08,,,32.61,5.56,,6.07,,,,
Poland,POL,2021-03-26,,,,,47.79,,,3.35,,,,,9.63,,,39.56,5.91,,12.69,,,,
Poland,POL,2021-04-02,,,,,49.92,,,3.59,,,,,10.55,,,45.72,6.49,,19.84,,,,
Poland,POL,2021-04-09,,,,,52.41,,,3.94,,,,,13.16,,,54.75,7.29,,28.8,,,,
Poland,POL,2021-04-16,,,,,54.25,,,4.28,,,,,17.53,,,61.64,8.11,,37.74,,,,
Poland,POL,2021-04-23,,,,,55.85,,,4.72,,,,,25.94,,,67.08,9.36,,45.27,,,,
Poland,POL,2021-04-30,,,,,57.09,,,5.31,,,,,32.6,,,71.02,12.97,,51.21,,,,
Poland,POL,2021-05-07,,,,,57.83,,,6.94,,,,,37.55,,,72.87,18.49,,54.63,,,,
Poland,POL,2021-05-14,,,,,58.43,,,12.28,,,,,41.42,,,74.2,24.14,,57.14,,,,
Poland,POL,2021-05-21,,,,,58.98,,,17.49,,,,,45.23,,,75.42,28.8,,59.55,,,,
Poland,POL,2021-05-28,,,,,59.47,,,21.3,,,,,48.07,,,76.44,32.22,,61.32,,,,
Poland,POL,2021-06-04,,,,,60,,,26.58,,,,,50.7,,,77.51,35.95,,63.11,,,,
Poland,POL,2021-06-11,,,,,60.56,,,30.69,,,,,53.05,,,78.51,39.14,,64.7,,,,
Poland,POL,2021-06-18,,,,,61.01,,,33.48,,,,,54.7,,,79.27,41.34,,65.87,,,,
Poland,POL,2021-06-25,,,,,61.37,,,35.52,,,,,55.94,,,79.87,42.97,,66.78,,,,
Poland,POL,2021-07-02,,,,,61.7,,,37.23,,,,,57.05,,,80.44,44.36,,67.61,,,,
Poland,POL,2021-07-09,,,,,61.95,,,38.52,,,,,57.87,,,80.83,45.42,,68.18,,,,
Poland,POL,2021-07-16,,,,,62.24,,,39.79,,,,,58.74,,,81.25,46.5,,68.78,,,,
Poland,POL,2021-07-23,,,,,62.52,,,40.96,,,,,59.54,,,81.65,47.51,,69.33,,,,
Poland,POL,2021-07-30,,,,,62.81,,,42.13,,,,,60.34,,,82.04,48.54,,69.87,,,,
Poland,POL,2021-08-06,,,,,63.05,,,43.16,,,,,61.05,,,82.36,49.46,,70.33,,,,
Poland,POL,2021-08-13,,,,,63.28,,,44.07,,,,,61.69,,,82.67,50.26,,70.75,,,,
Poland,POL,2021-08-20,,,,,63.46,,,44.84,,,,,62.2,,,82.9,50.94,,71.08,,,,
Poland,POL,2021-08-27,,,,,63.51,,,45.09,,,,,62.35,,,82.98,51.15,,71.18,,,,
Portugal,PRT,2021-01-08,,,,,0.6,,,0.41,,,,,1.11,,,0.12,1.53,,0.6,,,,
Portugal,PRT,2021-01-15,,,,,2.74,,,0.59,,,,,1.68,,,0.49,2.03,,1,,,,
Portugal,PRT,2021-01-22,,,,,8.52,,,1.09,,,,,3.02,,,1.49,3.14,,1.9,,,,
Portugal,PRT,2021-01-29,,,,,9.61,,,1.26,,,,,3.54,,,1.93,3.61,,2.3,,,,
Portugal,PRT,2021-02-05,,,,,10.28,,,1.39,,,,,3.81,,,2.1,3.91,,2.5,,,,
Portugal,PRT,2021-02-12,,,,,12.47,,,1.58,,,,,4.16,,,2.39,4.32,,2.71,,,,
Portugal,PRT,2021-02-19,,,,,19.66,,,1.87,,,,,5.04,,,2.69,4.98,,3.8,,,,
Portugal,PRT,2021-02-26,,,,,34.84,,,2.04,,,,,6.91,,,3.26,5.33,,5.96,,,,
Portugal,PRT,2021-03-05,,,,,47.74,,,2.16,,,,,8.1,,,4.06,5.55,,7.33,,,,
Portugal,PRT,2021-03-12,,,,,53.67,,,2.34,,,,,9.03,,,5.25,6.04,,8.3,,,,
Portugal,PRT,2021-03-19,,,,,61.72,,,2.37,,,,,9.23,,,6.85,6.17,,8.6,,,,
Portugal,PRT,2021-03-26,,,,,80.14,,,2.78,,,,,10.87,,,11.29,7.43,,10.08,,,,
Portugal,PRT,2021-04-02,,,,,85.58,,,2.85,,,,,11.2,,,18.42,7.56,,11.71,,,,
Portugal,PRT,2021-04-09,,,,,90.07,,,2.95,,,,,11.81,,,35.19,7.83,,15,,,,
Portugal,PRT,2021-04-16,,,,,91.63,,,3.5,,,,,16.01,,,54.09,10.48,,20.68,,,,
Portugal,PRT,2021-04-23,,,,,92.87,,,3.67,,,,,16.46,,,67.06,10.81,,25.02,,,,
Portugal,PRT,2021-04-30,,,,,93.79,,,4.01,,,,,17.12,,,82.87,11.14,,37.51,,,,
Portugal,PRT,2021-05-07,,,,,94.56,,,4.25,,,,,18.13,,,90.22,11.45,,58.97,,,,
Portugal,PRT,2021-05-14,,,,,95.15,,,4.54,,,,,21.14,,,93.75,12.2,,74.09,,,,
Portugal,PRT,2021-05-21,,,,,95.92,,,4.81,,,,,30.91,,,95.86,13.17,,83.6,,,,
Portugal,PRT,2021-05-28,,,,,96.65,,,5.1,,,,,43.02,,,97.31,13.95,,87.71,,,,
Portugal,PRT,2021-06-04,,,,,97.19,,,5.39,,,,,55.31,,,98.57,15.22,,91.01,,,,
Portugal,PRT,2021-06-11,,,,,97.65,,,5.75,,,,,69.76,,,99.56,19.09,,93.1,,,,
Portugal,PRT,2021-06-18,,,,,98.08,,,6.16,,,,,75.93,,,100.23,26.74,,94.38,,,,
Portugal,PRT,2021-06-25,,,,,98.65,,,6.58,,,,,82.14,,,100.9,35.62,,95.61,,,,
Portugal,PRT,2021-07-02,,,,,99.19,,,6.89,,,,,86.06,,,101.5,45.49,,96.59,,,,
Portugal,PRT,2021-07-09,,,,,99.64,,,8.59,,,,,88.86,,,102.01,57.28,,97.42,,,,
Portugal,PRT,2021-07-16,,,,,100.02,,,11.19,,,,,90.3,,,102.45,66.29,,98.09,,,,
Portugal,PRT,2021-07-23,,,,,100.44,,,15.91,,,,,91.86,,,103,72.16,,98.92,,,,
Portugal,PRT,2021-07-30,,,,,100.9,,,21.09,,,,,93.21,,,103.61,75.85,,99.79,,,,
Portugal,PRT,2021-08-06,,,,,101.33,,,34.18,,,,,94.38,,,104.15,78.95,,100.54,,,,
Portugal,PRT,2021-08-13,,,,,101.62,,,54.41,,,,,95.36,,,104.5,82.79,,101.03,,,,
Portugal,PRT,2021-08-20,,,,,101.86,,,73.7,,,,,96.17,,,104.79,86.38,,101.42,,,,
Portugal,PRT,2021-08-27,,,,,102,,,80.06,,,,,96.64,,,104.96,88.27,,101.64,,,,
Romania,ROU,2021-05-28,,,,,17.79,,,19.44,,,,,31.55,,,33.25,24.52,,34.43,,,,
Romania,ROU,2021-06-04,,,,,18.12,,,20.47,,,,,32.48,,,33.86,25.38,,35.18,,,,
Romania,ROU,2021-06-11,,,,,18.43,,,21.25,,,,,33.27,,,34.42,26.11,,35.82,,,,
Romania,ROU,2021-06-18,,,,,18.66,,,21.8,,,,,33.79,,,34.79,26.61,,36.25,,,,
Romania,ROU,2021-06-25,,,,,18.84,,,22.25,,,,,34.23,,,35.11,27.03,,36.61,,,,
Romania,ROU,2021-07-02,,,,,19.02,,,22.7,,,,,34.64,,,35.38,27.44,,36.94,,,,
Romania,ROU,2021-07-09,,,,,19.17,,,23.17,,,,,35.05,,,35.63,27.86,,37.25,,,,
Romania,ROU,2021-07-16,,,,,19.3,,,23.61,,,,,35.42,,,35.85,28.26,,37.52,,,,
Romania,ROU,2021-07-23,,,,,19.43,,,24.08,,,,,35.84,,,36.09,28.74,,37.81,,,,
Romania,ROU,2021-07-30,,,,,19.55,,,24.55,,,,,36.26,,,36.29,29.22,,38.08,,,,
Romania,ROU,2021-08-06,,,,,19.67,,,25.04,,,,,36.69,,,36.47,29.72,,38.33,,,,
Romania,ROU,2021-08-13,,,,,19.76,,,25.47,,,,,37.06,,,36.62,30.17,,38.53,,,,
Romania,ROU,2021-08-20,,,,,19.84,,,25.91,,,,,37.4,,,36.76,30.61,,38.72,,,,
Slovakia,SVK,2021-01-08,,,,,0.09,,,0.35,,,,,1.03,,,0.25,0.75,,0.63,,,,
Slovakia,SVK,2021-01-15,,,,,0.19,,,0.83,,,,,2.16,,,0.51,1.58,,1.34,,,,
Slovakia,SVK,2021-01-22,,,,,0.75,,,1.48,,,,,3.3,,,0.89,2.41,,2.01,,,,
Slovakia,SVK,2021-01-29,,,,,8.34,,,1.96,,,,,3.86,,,2.85,2.83,,2.54,,,,
Slovakia,SVK,2021-02-05,,,,,16.08,,,2.2,,,,,4.14,,,8.27,3.04,,2.95,,,,
Slovakia,SVK,2021-02-12,,,,,21.49,,,2.64,,,,,4.92,,,11.98,3.77,,3.49,,,,
Slovakia,SVK,2021-02-19,,,,,23.5,,,2.92,,,,,6,,,13.5,4.51,,4.29,,,,
Slovakia,SVK,2021-02-26,,,,,25.23,,,3.3,,,,,6.89,,,14.68,5.49,,4.65,,,,
Slovakia,SVK,2021-03-05,,,,,25.95,,,3.87,,,,,8.55,,,15.11,6.86,,5.47,,,,
Slovakia,SVK,2021-03-12,,,,,27.14,,,4.03,,,,,9.08,,,19.12,7.2,,11.06,,,,
Slovakia,SVK,2021-03-19,,,,,30.35,,,4.39,,,,,10.32,,,30.56,7.71,,16.22,,,,
Slovakia,SVK,2021-03-26,,,,,36.88,,,4.79,,,,,12.65,,,42.41,8.3,,19.74,,,,
Slovakia,SVK,2021-04-02,,,,,38.9,,,5.09,,,,,15.52,,,49.1,8.78,,25.05,,,,
Slovakia,SVK,2021-04-09,,,,,40.29,,,5.47,,,,,21.03,,,52.39,9.58,,30.35,,,,
Slovakia,SVK,2021-04-16,,,,,41.53,,,5.77,,,,,23.98,,,54.57,11.42,,33.96,,,,
Slovakia,SVK,2021-04-23,,,,,42.52,,,6.1,,,,,25.78,,,56.11,12.7,,36.76,,,,
Slovakia,SVK,2021-04-30,,,,,43.74,,,6.74,,,,,27.22,,,58.21,14.28,,41.2,,,,
Slovakia,SVK,2021-05-07,,,,,45.14,,,8.04,,,,,30.74,,,60.31,16.38,,46.18,,,,
Slovakia,SVK,2021-05-14,,,,,46.3,,,9.31,,,,,36.58,,,61.92,19.39,,51.27,,,,
Slovakia,SVK,2021-05-21,,,,,47.36,,,12.11,,,,,39.85,,,63.51,24.25,,53.78,,,,
Slovakia,SVK,2021-05-28,,,,,48.11,,,15.2,,,,,42.63,,,64.61,28.87,,55.42,,,,
Slovakia,SVK,2021-06-04,,,,,48.75,,,19.22,,,,,43.98,,,65.42,31.79,,56.49,,,,
Slovakia,SVK,2021-06-11,,,,,49.33,,,22,,,,,45.17,,,66.1,33.45,,57.31,,,,
Slovakia,SVK,2021-06-18,,,,,49.81,,,24.89,,,,,46.17,,,66.74,34.73,,58.18,,,,
Slovakia,SVK,2021-06-25,,,,,50.3,,,26.89,,,,,46.98,,,67.31,35.84,,58.9,,,,
Slovakia,SVK,2021-07-02,,,,,50.73,,,29.96,,,,,48.2,,,67.89,37.37,,59.68,,,,
Slovakia,SVK,2021-07-09,,,,,51.04,,,32.83,,,,,49.46,,,68.32,39,,60.32,,,,
Slovakia,SVK,2021-07-16,,,,,51.4,,,35.13,,,,,50.55,,,68.76,40.44,,60.93,,,,
Slovakia,SVK,2021-07-23,,,,,51.69,,,36.58,,,,,51.25,,,69.13,41.25,,61.41,,,,
Slovakia,SVK,2021-07-30,,,,,51.96,,,37.71,,,,,51.87,,,69.43,41.94,,61.81,,,,
Slovakia,SVK,2021-08-06,,,,,52.29,,,38.76,,,,,52.57,,,69.82,42.64,,62.29,,,,
Slovakia,SVK,2021-08-13,,,,,52.53,,,39.65,,,,,53.14,,,70.13,43.25,,62.65,,,,
Slovakia,SVK,2021-08-20,,,,,52.76,,,40.68,,,,,53.68,,,70.41,43.88,,62.99,,,,
Slovakia,SVK,2021-08-27,,,,,52.81,,,40.94,,,,,53.79,,,70.48,44.02,,63.08,,,,
Slovenia,SVN,2021-01-01,,,,,3.13,,,0.01,,,,,0.17,,,0.57,0.07,,0.2,,,,
Slovenia,SVN,2021-01-08,,,,,4.77,,,0.44,,,,,2.33,,,1.27,1.65,,1.17,,,,
Slovenia,SVN,2021-01-15,,,,,15.12,,,0.68,,,,,2.88,,,1.91,2.08,,1.48,,,,
Slovenia,SVN,2021-01-22,,,,,16.87,,,0.75,,,,,3.1,,,2.05,2.25,,1.56,,,,
Slovenia,SVN,2021-01-29,,,,,17.19,,,0.81,,,,,3.18,,,2.1,2.32,,1.6,,,,
Slovenia,SVN,2021-02-05,,,,,17.83,,,0.84,,,,,3.22,,,2.12,2.36,,1.62,,,,
Slovenia,SVN,2021-02-12,,,,,29.18,,,1.32,,,,,3.51,,,2.44,2.63,,1.76,,,,
Slovenia,SVN,2021-02-19,,,,,42.34,,,1.72,,,,,3.87,,,4.47,2.84,,2.17,,,,
Slovenia,SVN,2021-02-26,,,,,49.59,,,1.85,,,,,4.56,,,11.52,3.06,,3.28,,,,
Slovenia,SVN,2021-03-05,,,,,51.92,,,2.05,,,,,5.66,,,16.88,3.35,,4.94,,,,
Slovenia,SVN,2021-03-12,,,,,53.17,,,2.32,,,,,8.54,,,18.31,4.57,,8.17,,,,
Slovenia,SVN,2021-03-19,,,,,54.57,,,2.35,,,,,8.94,,,21.56,4.76,,8.44,,,,
Slovenia,SVN,2021-03-26,,,,,56.67,,,2.73,,,,,11.32,,,33,5.97,,10.95,,,,
Slovenia,SVN,2021-04-02,,,,,57.94,,,2.88,,,,,12.61,,,50.36,6.73,,15.23,,,,
Slovenia,SVN,2021-04-09,,,,,58.91,,,2.94,,,,,12.97,,,57.01,6.83,,28.73,,,,
Slovenia,SVN,2021-04-16,,,,,59.69,,,3.01,,,,,13.55,,,60.49,7.02,,37.27,,,,
Slovenia,SVN,2021-04-23,,,,,60.42,,,5.73,,,,,16.5,,,62.46,7.94,,41.99,,,,
Slovenia,SVN,2021-04-30,,,,,61,,,5.94,,,,,17.92,,,63.72,8.22,,45.13,,,,
Slovenia,SVN,2021-05-07,,,,,62.04,,,6.29,,,,,28.85,,,65.76,9.43,,49.09,,,,
Slovenia,SVN,2021-05-14,,,,,63.22,,,7.84,,,,,35.74,,,67.66,14.01,,52.4,,,,
Slovenia,SVN,2021-05-21,,,,,64.32,,,11.91,,,,,40.04,,,69.36,19.71,,54.96,,,,
Slovenia,SVN,2021-05-28,,,,,65.36,,,13.4,,,,,42.92,,,70.74,21.45,,57.08,,,,
Slovenia,SVN,2021-06-04,,,,,66.39,,,18.11,,,,,46.61,,,71.94,26.1,,59,,,,
Slovenia,SVN,2021-06-11,,,,,67.2,,,22.87,,,,,48.72,,,72.82,30.05,,60.27,,,,
Slovenia,SVN,2021-06-18,,,,,67.77,,,25.86,,,,,49.92,,,73.54,31.94,,61.19,,,,
Slovenia,SVN,2021-06-25,,,,,68.11,,,27.21,,,,,50.65,,,74.02,32.77,,61.81,,,,
Slovenia,SVN,2021-07-02,,,,,68.5,,,28.52,,,,,51.4,,,74.55,33.57,,62.47,,,,
Slovenia,SVN,2021-07-09,,,,,69.03,,,29.75,,,,,52.45,,,75.41,34.54,,63.49,,,,
Slovenia,SVN,2021-07-16,,,,,69.6,,,31.43,,,,,53.97,,,76.34,35.97,,64.7,,,,
Slovenia,SVN,2021-07-23,,,,,70.14,,,33.27,,,,,55.4,,,77.24,37.38,,65.82,,,,
Slovenia,SVN,2021-07-30,,,,,70.65,,,35.05,,,,,56.75,,,78.08,38.68,,66.88,,,,
Slovenia,SVN,2021-08-06,,,,,71.14,,,36.41,,,,,57.76,,,78.84,39.69,,67.73,,,,
Slovenia,SVN,2021-08-13,,,,,71.58,,,37.66,,,,,58.56,,,79.43,40.51,,68.38,,,,
Slovenia,SVN,2021-08-20,,,,,72.32,,,39.13,,,,,59.5,,,80.21,41.39,,69.13,,,,
Spain,ESP,2021-01-08,,,,,4.67,,,0.29,,,,,1.03,,,0.71,0.81,,0.81,,,,
Spain,ESP,2021-01-15,,,,,6.99,,,0.75,,,,,2.71,,,1.08,2.17,,2.05,,,,
Spain,ESP,2021-01-22,,,,,7.74,,,1.03,,,,,3.63,,,1.22,2.88,,2.72,,,,
Spain,ESP,2021-01-29,,,,,8.04,,,1.15,,,,,3.94,,,1.27,3.12,,2.94,,,,
Spain,ESP,2021-02-05,,,,,8.34,,,1.27,,,,,4.18,,,1.33,3.32,,3.1,,,,
Spain,ESP,2021-02-12,,,,,8.97,,,1.55,,,,,4.79,,,1.41,3.91,,3.48,,,,
Spain,ESP,2021-02-19,,,,,14.25,,,2.09,,,,,5.68,,,1.65,4.76,,4,,,,
Spain,ESP,2021-02-26,,,,,25.47,,,2.73,,,,,6.82,,,2.16,6.18,,4.55,,,,
Spain,ESP,2021-03-05,,,,,39.06,,,3.23,,,,,7.93,,,2.67,7.72,,4.91,,,,
Spain,ESP,2021-03-12,,,,,48.25,,,3.84,,,,,9.18,,,2.98,9.07,,5.1,,,,
Spain,ESP,2021-03-19,,,,,54.63,,,4,,,,,9.39,,,3.16,9.29,,5.21,,,,
Spain,ESP,2021-03-26,,,,,64.47,,,4.73,,,,,10.95,,,3.49,10.35,,8.07,,,,
Spain,ESP,2021-04-02,,,,,79.58,,,5.1,,,,,11.89,,,5.06,10.97,,14.75,,,,
Spain,ESP,2021-04-09,,,,,94.73,,,5.41,,,,,12.42,,,19.68,11.27,,26.92,,,,
Spain,ESP,2021-04-16,,,,,98.39,,,5.5,,,,,12.71,,,44.1,11.42,,37.53,,,,
Spain,ESP,2021-04-23,,,,,99.81,,,5.61,,,,,13.07,,,65.21,11.6,,45.58,,,,
Spain,ESP,2021-04-30,,,,,100.6,,,5.74,,,,,13.41,,,83.74,11.78,,55.77,,,,
Spain,ESP,2021-05-07,,,,,101.11,,,5.96,,,,,15.91,,,92.51,12.04,,74.93,,,,
Spain,ESP,2021-05-14,,,,,101.5,,,6.27,,,,,27.25,,,95.17,12.51,,84.58,,,,
Spain,ESP,2021-05-21,,,,,101.77,,,6.69,,,,,43.59,,,96.32,13.02,,87.87,,,,
Spain,ESP,2021-05-28,,,,,101.96,,,6.94,,,,,59.07,,,96.99,13.48,,89.6,,,,
Spain,ESP,2021-06-04,,,,,102.1,,,7.23,,,,,75.68,,,97.35,15.29,,90.9,,,,
Spain,ESP,2021-06-11,,,,,102.23,,,7.53,,,,,83.82,,,97.62,22.32,,92.07,,,,
Spain,ESP,2021-06-18,,,,,102.32,,,7.86,,,,,86.66,,,97.8,31.61,,93.15,,,,
Spain,ESP,2021-06-25,,,,,102.39,,,8.29,,,,,88.06,,,97.93,40.47,,93.85,,,,
Spain,ESP,2021-07-02,,,,,102.46,,,9.64,,,,,89.27,,,98.07,49.7,,94.54,,,,
Spain,ESP,2021-07-09,,,,,102.52,,,13.6,,,,,90.1,,,98.17,56.95,,95.12,,,,
Spain,ESP,2021-07-16,,,,,102.57,,,20.01,,,,,90.76,,,98.26,63.43,,95.66,,,,
Spain,ESP,2021-07-23,,,,,102.62,,,29.67,,,,,91.38,,,98.34,68.85,,96.09,,,,
Spain,ESP,2021-07-30,,,,,102.67,,,42.79,,,,,91.83,,,98.41,73.26,,96.45,,,,
Spain,ESP,2021-08-06,,,,,102.71,,,54.79,,,,,92.28,,,98.48,76.23,,96.81,,,,
Spain,ESP,2021-08-13,,,,,102.76,,,66.87,,,,,92.72,,,98.55,77.98,,97.15,,,,
Spain,ESP,2021-08-20,,,,,102.8,,,71.47,,,,,93.15,,,98.62,79.18,,97.52,,,,
Spain,ESP,2021-08-27,,,,,102.82,,,72.7,,,,,93.3,,,98.64,79.66,,97.62,,,,
Sweden,SWE,2021-01-01,,,,,0.3,,,0,,,,,0.01,,,0.04,0,,0.01,,,,
Sweden,SWE,2021-01-08,,,,,5.46,,,0.07,,,,,0.33,,,0.87,0.16,,0.36,,,,
Sweden,SWE,2021-01-15,,,,,10.65,,,0.32,,,,,1.24,,,1.81,0.72,,1.14,,,,
Sweden,SWE,2021-01-22,,,,,15.79,,,0.79,,,,,2.64,,,2.92,1.63,,2.33,,,,
Sweden,SWE,2021-01-29,,,,,18.87,,,1.12,,,,,3.53,,,3.61,2.18,,3.09,,,,
Sweden,SWE,2021-02-05,,,,,21.43,,,1.31,,,,,4.04,,,4.21,2.49,,3.57,,,,
Sweden,SWE,2021-02-12,,,,,24.59,,,1.53,,,,,4.51,,,4.85,2.8,,4.02,,,,
Sweden,SWE,2021-02-19,,,,,28.46,,,1.96,,,,,5.32,,,5.8,3.34,,4.69,,,,
Sweden,SWE,2021-02-26,,,,,35.13,,,2.51,,,,,6.38,,,7.06,4.07,,5.63,,,,
Sweden,SWE,2021-03-05,,,,,44.69,,,3.24,,,,,7.99,,,8.73,5.29,,6.98,,,,
Sweden,SWE,2021-03-12,,,,,59.86,,,3.92,,,,,9.3,,,11.57,6.32,,8.32,,,,
Sweden,SWE,2021-03-19,,,,,72.06,,,4.07,,,,,9.62,,,15.05,6.54,,8.83,,,,
Sweden,SWE,2021-03-26,,,,,81.91,,,4.17,,,,,9.82,,,21.46,6.66,,9.33,,,,
Sweden,SWE,2021-04-02,,,,,88.02,,,4.25,,,,,9.99,,,36.3,6.76,,10.3,,,,
Sweden,SWE,2021-04-09,,,,,90.57,,,4.35,,,,,10.16,,,56.36,6.87,,13.24,,,,
Sweden,SWE,2021-04-16,,,,,92.09,,,4.51,,,,,10.52,,,79.04,7.09,,27.87,,,,
Sweden,SWE,2021-04-23,,,,,92.78,,,4.94,,,,,12.31,,,88.75,7.64,,51.09,,,,
Sweden,SWE,2021-04-30,,,,,93.17,,,5.7,,,,,18.78,,,91.51,8.68,,70.6,,,,
Sweden,SWE,2021-05-07,,,,,93.48,,,6.77,,,,,30.19,,,92.58,10.65,,80.18,,,,
Sweden,SWE,2021-05-14,,,,,93.7,,,7.8,,,,,42.24,,,93.22,12.63,,83.65,,,,
Sweden,SWE,2021-05-21,,,,,93.95,,,8.66,,,,,53.68,,,93.7,14.71,,85.24,,,,
Sweden,SWE,2021-05-28,,,,,94.07,,,9.39,,,,,61.27,,,94.11,16.96,,86.16,,,,
Sweden,SWE,2021-06-04,,,,,94.19,,,9.99,,,,,68.91,,,94.45,19.86,,87.02,,,,
Sweden,SWE,2021-06-11,,,,,94.29,,,10.69,,,,,75.46,,,94.74,24.74,,87.83,,,,
Sweden,SWE,2021-06-18,,,,,94.38,,,11.5,,,,,79.89,,,94.98,31.36,,88.46,,,,
Sweden,SWE,2021-06-25,,,,,94.45,,,12.31,,,,,82.34,,,95.18,38.47,,88.96,,,,
Sweden,SWE,2021-07-02,,,,,94.52,,,15.35,,,,,84.04,,,95.36,48.89,,89.4,,,,
Sweden,SWE,2021-07-09,,,,,94.58,,,24.72,,,,,84.97,,,95.5,57.34,,89.72,,,,
Sweden,SWE,2021-07-16,,,,,94.63,,,39.27,,,,,85.7,,,95.6,63.49,,89.98,,,,
Sweden,SWE,2021-07-23,,,,,94.67,,,50.19,,,,,86.29,,,95.69,67.28,,90.22,,,,
Sweden,SWE,2021-07-30,,,,,94.71,,,55.94,,,,,86.76,,,95.79,69.49,,90.43,,,,
Sweden,SWE,2021-08-06,,,,,94.74,,,59.03,,,,,87.16,,,95.88,71.09,,90.63,,,,
Sweden,SWE,2021-08-13,,,,,94.78,,,61.45,,,,,87.53,,,95.96,72.49,,90.8,,,,
Sweden,SWE,2021-08-20,,,,,94.82,,,63.63,,,,,87.88,,,96.04,73.71,,90.95,,,,
Sweden,SWE,2021-08-27,,,,,94.83,,,64.29,,,,,87.98,,,96.06,74.06,,91,,,,
Uruguay,URY,2021-02-27,0,,,,,,,0.01,0,0.02,,,,0.03,,,,0.02,,,,0.01,0
Uruguay,URY,2021-02-28,0,,,,,,,0.01,0,0.02,,,,0.03,,,,0.02,,,,0.01,0
Uruguay,URY,2021-03-01,0,,,,,,,0.32,0,1.13,,,,1.29,,,,0.88,,,,0.43,0
Uruguay,URY,2021-03-02,0,,,,,,,0.65,0,1.95,,,,2.3,,,,1.63,,,,0.74,0
Uruguay,URY,2021-03-03,0,,,,,,,1.13,0,3.15,,,,3.78,,,,2.71,,,,1.18,0
Uruguay,URY,2021-03-04,0,,,,,,,1.35,0,3.64,,,,4.37,,,,3.21,,,,1.35,0
Uruguay,URY,2021-03-05,0,,,,,,,1.56,0,4.13,,,,4.97,,,,3.75,,,,1.53,0
Uruguay,URY,2021-03-06,0,,,,,,,1.56,0,4.13,,,,4.97,,,,3.75,,,,1.53,0
Uruguay,URY,2021-03-07,0,,,,,,,1.56,0,4.13,,,,4.97,,,,3.75,,,,1.53,0
Uruguay,URY,2021-03-08,0,,,,,,,1.6,0,4.29,,,,5.15,,,,3.88,,,,8.2,0
Uruguay,URY,2021-03-09,0.01,,,,,,,1.7,0,4.53,,,,5.42,,,,4.1,,,,12.86,0
Uruguay,URY,2021-03-10,0.01,,,,,,,1.86,0.01,4.91,,,,5.81,,,,4.46,,,,17.84,0
Uruguay,URY,2021-03-11,0.01,,,,,,,2.07,0.04,5.71,,,,6.37,,,,4.89,,,,21.26,0
Uruguay,URY,2021-03-12,0.03,,,,,,,2.21,0.2,7.01,,,,7.91,,,,5.98,,,,22.06,0
Uruguay,URY,2021-03-13,0.04,,,,,,,2.27,0.31,7.61,,,,8.6,,,,6.43,,,,22.48,0
Uruguay,URY,2021-03-14,0.04,,,,,,,2.27,0.31,7.61,,,,8.6,,,,6.43,,,,22.48,0
Uruguay,URY,2021-03-15,0.05,,,,,,,2.33,0.89,8.27,,,,9.04,,,,6.74,,,,23.22,0
Uruguay,URY,2021-03-16,0.37,,,,,,,2.35,1.43,8.6,,,,9.13,,,,6.79,,,,23.77,0
Uruguay,URY,2021-03-17,0.59,,,,,,,2.46,2.02,8.93,,,,9.24,,,,6.99,,,,24.36,0
Uruguay,URY,2021-03-18,0.63,,,,,,,2.52,6.34,11.01,,,,9.3,,,,7.09,,,,28.04,0
Uruguay,URY,2021-03-19,0.66,,,,,,,2.64,10.57,13.03,,,,9.39,,,,7.25,,,,31.61,0
Uruguay,URY,2021-03-20,0.67,,,,,,,2.64,12.1,13.75,,,,9.4,,,,7.25,,,,32.88,0
Uruguay,URY,2021-03-21,0.67,,,,,,,2.64,12.1,13.75,,,,9.4,,,,7.25,,,,32.88,0
Uruguay,URY,2021-03-22,5.35,,,,,,,2.77,14.96,15.22,,,,9.76,,,,7.56,,,,35.3,0
Uruguay,URY,2021-03-23,9.49,,,,,,,2.99,17.5,16.63,,,,10.17,,,,7.93,,,,37.5,0
Uruguay,URY,2021-03-24,12.48,,,,,,,3.34,19.96,18.11,,,,10.72,,,,8.37,,,,39.77,0
Uruguay,URY,2021-03-25,15.25,,,,,,,3.8,23.27,20.06,,,,11.36,,,,8.92,,,,42.71,0
Uruguay,URY,2021-03-26,17.84,,,,,,,4.24,26.29,21.92,,,,12.01,,,,9.46,,,,45.48,0
Uruguay,URY,2021-03-27,18.85,,,,,,,4.34,27.33,22.52,,,,12.16,,,,9.58,,,,46.41,0
Uruguay,URY,2021-03-28,18.85,,,,,,,4.34,27.33,22.52,,,,12.16,,,,9.58,,,,46.41,0
Uruguay,URY,2021-03-29,21.42,,,,,,,5.66,28.02,23.8,,,,13.86,,,,11.09,,,,47.09,0
Uruguay,URY,2021-03-30,23.95,,,,,,,7.06,28.66,25.14,,,,15.67,,,,12.67,,,,47.75,0
Uruguay,URY,2021-03-31,26.37,,,,,,,8.41,29.36,26.5,,,,17.45,,,,14.22,,,,48.39,0
Uruguay,URY,2021-04-01,28.69,,,,,,,9.85,30.25,27.96,,,,19.3,,,,15.83,,,,49.06,0
Uruguay,URY,2021-04-02,30.93,,,,,,,11.31,31.48,29.42,,,,21.14,,,,17.44,,,,49.82,0
Uruguay,URY,2021-04-03,31.71,,,,,,,11.74,31.76,29.86,,,,21.69,,,,17.93,,,,50.09,0
Uruguay,URY,2021-04-04,31.71,,,,,,,11.74,31.76,29.86,,,,21.69,,,,17.93,,,,50.09,0
Uruguay,URY,2021-04-05,31.79,,,,,,,11.77,32.9,30.47,,,,21.73,,,,17.97,,,,51.16,0
Uruguay,URY,2021-04-06,31.83,,,,,,,11.79,35.47,31.84,,,,21.79,,,,18.01,,,,53.49,0
Uruguay,URY,2021-04-07,31.84,,,,,,,11.81,37.61,33.2,,,,21.82,,,,18.04,,,,55.92,0
Uruguay,URY,2021-04-08,31.85,,,,,,,11.92,39.92,34.97,,,,22.29,,,,18.19,,,,58.44,0
Uruguay,URY,2021-04-09,32.14,,,,,,,12.13,40.87,35.42,,,,22.67,,,,18.46,,,,59.1,0
Uruguay,URY,2021-04-10,35.05,,,,,,,12.17,43.45,35.7,,,,22.84,,,,18.52,,,,59.36,0
Uruguay,URY,2021-04-11,35.05,,,,,,,12.17,43.46,35.74,,,,22.87,,,,18.52,,,,59.36,0
Uruguay,URY,2021-04-12,38.68,,,,,,,12.3,48.13,36.99,,,,23.55,,,,18.83,,,,62.72,0
Uruguay,URY,2021-04-13,42.13,,,,,,,12.63,51.73,38.78,,,,24.63,,,,19.37,,,,65.78,0
Uruguay,URY,2021-04-14,45.07,,,,,,,13.06,54.95,41.02,,,,26.03,,,,20.03,,,,68.42,0
Uruguay,URY,2021-04-15,47.83,,,,,,,13.39,56.97,42.22,,,,27.16,,,,20.59,,,,69.39,0
Uruguay,URY,2021-04-16,50.45,,,,,,,13.83,58.75,43.42,,,,28.25,,,,21.19,,,,70.19,0
Uruguay,URY,2021-04-17,55.69,,,,,,,13.98,61.87,43.58,,,,28.41,,,,21.31,,,,70.54,0
Uruguay,URY,2021-04-18,58.32,,,,,,,13.98,64.58,43.59,,,,28.41,,,,21.32,,,,70.94,0
Uruguay,URY,2021-04-19,58.94,,,,,,,14.11,65.24,43.82,,,,28.61,,,,21.52,,,,71.25,0
Uruguay,URY,2021-04-20,59.56,,,,,,,14.24,66.02,44.26,,,,28.83,,,,21.68,,,,71.83,0
Uruguay,URY,2021-04-21,60.15,,,,,,,14.36,66.74,44.7,,,,29.08,,,,21.83,,,,72.25,0
Uruguay,URY,2021-04-22,60.83,,,,,,,14.45,67.53,45.06,,,,29.32,,,,21.97,,,,72.62,0
Uruguay,URY,2021-04-23,62.12,,,,,,,14.52,68.65,45.51,,,,29.59,,,,22.09,,,,73.03,0
Uruguay,URY,2021-04-24,63.65,,,,,,,14.53,69.9,45.71,,,,29.62,,,,22.11,,,,73.33,0
Uruguay,URY,2021-04-25,63.65,,,,,,,14.53,69.92,45.75,,,,29.62,,,,22.11,,,,73.39,0
Uruguay,URY,2021-04-26,64.79,,,,,,,14.57,70.91,45.99,,,,29.67,,,,22.15,,,,73.81,0
Uruguay,URY,2021-04-27,65.82,,,,,,,14.59,71.66,46.28,,,,29.72,,,,22.18,,,,74.23,0
Uruguay,URY,2021-04-28,66.91,,,,,,,14.62,72.46,46.55,,,,29.79,,,,22.22,,,,74.55,0
Uruguay,URY,2021-04-29,67.86,,,,,,,14.66,73.21,46.85,,,,29.9,,,,22.26,,,,74.83,0
Uruguay,URY,2021-04-30,68.87,,,,,,,14.74,73.96,47.11,,,,30.01,,,,22.37,,,,75.1,0
Uruguay,URY,2021-05-01,68.87,,,,,,,14.74,73.96,47.11,,,,30.01,,,,22.37,,,,75.1,0
Uruguay,URY,2021-05-02,68.87,,,,,,,14.75,73.96,47.12,,,,30.01,,,,22.38,,,,75.12,0
Uruguay,URY,2021-05-03,71.43,,,,,,,14.77,75.82,47.21,,,,30.12,,,,22.47,,,,75.17,0
Uruguay,URY,2021-05-04,73.71,,,,,,,14.8,77.4,47.26,,,,30.31,,,,22.62,,,,75.2,0
Uruguay,URY,2021-05-05,75.75,,,,,,,14.82,78.81,47.31,,,,30.45,,,,22.71,,,,75.24,0
Uruguay,URY,2021-05-06,77.64,,,,,,,14.9,80.09,47.35,,,,30.57,,,,22.83,,,,75.28,0
Uruguay,URY,2021-05-07,79.45,,,,,,,14.97,81.33,47.39,,,,30.64,,,,22.9,,,,75.33,0
Uruguay,URY,2021-05-08,80.22,,,,,,,14.98,81.95,47.4,,,,30.64,,,,22.91,,,,75.34,0
Uruguay,URY,2021-05-09,80.22,,,,,,,14.98,81.95,47.4,,,,30.64,,,,22.91,,,,75.34,0
Uruguay,URY,2021-05-10,81.3,,,,,,,15,82.75,47.54,,,,30.71,,,,22.96,,,,75.66,0
Uruguay,URY,2021-05-11,82.4,,,,,,,15.02,83.35,47.82,,,,30.74,,,,23,,,,75.77,0
Uruguay,URY,2021-05-12,83.09,,,,,,,15.05,83.6,48.24,,,,31,,,,23.16,,,,75.97,0
Uruguay,URY,2021-05-13,83.61,,,,,,,15.1,85.11,51.75,,,,32.06,,,,23.56,,,,78.47,0
Uruguay,URY,2021-05-14,84.21,,,,,,,15.15,85.74,56.49,,,,33.71,,,,24.06,,,,80.19,0
Uruguay,URY,2021-05-15,84.22,,,,,,,15.17,86.01,58.63,,,,34.45,,,,24.23,,,,81.16,0
Uruguay,URY,2021-05-16,84.22,,,,,,,15.17,86.01,58.66,,,,34.45,,,,24.23,,,,81.16,0
Uruguay,URY,2021-05-17,84.31,,,,,,,15.2,86.35,64.71,,,,36.83,,,,24.73,,,,82.76,0
Uruguay,URY,2021-05-18,84.97,,,,,,,15.29,86.62,68.12,,,,41.42,,,,25.26,,,,83.32,0
Uruguay,URY,2021-05-19,85.04,,,,,,,15.31,86.73,70.62,,,,45.96,,,,25.87,,,,83.58,0
Uruguay,URY,2021-05-20,85.08,,,,,,,15.92,86.84,73.11,,,,50.13,,,,27.17,,,,83.82,0
Uruguay,URY,2021-05-21,85.48,,,,,,,16.93,87.12,75.13,,,,53.11,,,,28.36,,,,84.06,0
Uruguay,URY,2021-05-22,85.49,,,,,,,16.95,87.18,75.4,,,,54.71,,,,28.86,,,,84.15,0
Uruguay,URY,2021-05-23,85.49,,,,,,,16.95,87.18,75.42,,,,54.84,,,,28.9,,,,84.16,0
Uruguay,URY,2021-05-24,85.82,,,,,,,17.56,87.42,75.85,,,,58.56,,,,31.28,,,,84.42,0
Uruguay,URY,2021-05-25,85.94,,,,,,,18.2,87.57,76.19,,,,61.98,,,,33.74,,,,84.63,0
Uruguay,URY,2021-05-26,86.08,,,,,,,18.97,87.74,76.55,,,,64.8,,,,36.53,,,,84.86,0
Uruguay,URY,2021-05-27,86.28,,,,,,,19.92,87.97,76.99,,,,67.52,,,,39.24,,,,85.15,0
Uruguay,URY,2021-05-28,86.42,,,,,,,20.79,88.14,77.32,,,,69.55,,,,41.22,,,,85.39,0
Uruguay,URY,2021-06-11,86.63,,,,,,,50.34,88.55,81.74,,,,77.95,,,,69.19,,,,87.36,5.98
Uruguay,URY,2021-06-18,86.96,,,,,,,52.12,88.82,82.36,,,,78.58,,,,70.02,,,,87.64,19.4
Uruguay,URY,2021-06-25,87.56,,,,,,,55.51,89.28,83.02,,,,79.66,,,,71.6,,,,88.08,27.7
Uruguay,URY,2021-07-09,88.18,,,,,,,66.43,89.78,84,,,,81.24,,,,74.49,,,,88.66,56.5